Record Length,2500,Points,499.999998738E-9,0.0,
Sample Interval,1.9999999E-9,s,501.999977587E-9,400.00000596E-3,
Trigger Point,-250.00000644,Samples,504.000013279E-9,400.00000596E-3,
,,,505.999992129E-9,0.0,
,,,507.999970978E-9,0.0,
,,,510.000006670E-9,0.0,
Source,MATH,,511.999985520E-9,400.00000596E-3,
Vertical Units,Volts,,514.000021212E-9,0.0,
Vertical Scale,10.0000001,,516.000000061E-9,0.0,
Vertical Offset,0,,517.999978911E-9,400.00000596E-3,
Horizontal Units,s,,520.000014603E-9,0.0,
Horizontal Scale,499.999985859E-9,,521.999993452E-9,400.00000596E-3,
Pt Fmt,Y,,523.999972302E-9,0.0,
Yzero,0.0,,526.000007994E-9,-400.00000596E-3,
,,,527.999986843E-9,0.0,
,,,530.000022536E-9,400.00000596E-3,
Note,TBS 1104 - 3:07:19 PM   2/3/2026,,532.000001385E-9,0.0,
,,,533.999980235E-9,0.0,
,,,536.000015927E-9,0.0,
,,,537.999994776E-9,0.0,
,,,539.999973626E-9,0.0,
,,,542.000009318E-9,400.00000596E-3,
,,,543.999988167E-9,0.0,
,,,546.000023860E-9,400.00000596E-3,
,,,548.000002709E-9,0.0,
,,,549.999981558E-9,0.0,
,,,552.000017251E-9,400.00000596E-3,
,,,553.999996100E-9,0.0,
,,,555.999974949E-9,400.00000596E-3,
,,,558.000010642E-9,0.0,
,,,559.999989491E-9,0.0,
,,,562.000025184E-9,400.00000596E-3,
,,,564.000004033E-9,0.0,
,,,565.999982882E-9,400.00000596E-3,
,,,568.000018575E-9,0.0,
,,,569.999997424E-9,400.00000596E-3,
,,,571.999976273E-9,400.00000596E-3,
,,,574.000011966E-9,0.0,
,,,575.999990815E-9,400.00000596E-3,
,,,577.999969664E-9,400.00000596E-3,
,,,580.000005357E-9,0.0,
,,,581.999984206E-9,0.0,
,,,584.000019899E-9,0.0,
,,,585.999998748E-9,400.00000596E-3,
,,,587.999977597E-9,400.00000596E-3,
,,,590.000013290E-9,0.0,
,,,591.999992139E-9,0.0,
,,,593.999970988E-9,400.00000596E-3,
,,,596.000006681E-9,0.0,
,,,597.999985530E-9,0.0,
,,,600.000021223E-9,0.0,
,,,602.000000072E-9,0.0,
,,,603.999978921E-9,400.00000596E-3,
,,,606.000014614E-9,0.0,
,,,607.999993463E-9,0.0,
,,,609.999972312E-9,400.00000596E-3,
,,,612.000008005E-9,400.00000596E-3,
,,,613.999986854E-9,400.00000596E-3,
,,,616.000022546E-9,0.0,
,,,618.000001396E-9,0.0,
,,,619.999980245E-9,400.00000596E-3,
,,,622.000015937E-9,400.00000596E-3,
,,,623.999994787E-9,0.0,
,,,625.999973636E-9,0.0,
,,,628.000009328E-9,400.00000596E-3,
,,,629.999988178E-9,0.0,
,,,631.999967027E-9,0.0,
,,,634.000002719E-9,0.0,
,,,635.999981569E-9,0.0,
,,,638.000017261E-9,0.0,
,,,639.999996110E-9,0.0,
,,,641.999974960E-9,0.0,
,,,644.000010652E-9,0.0,
,,,645.999989501E-9,0.0,
,,,647.999968351E-9,400.00000596E-3,
,,,650.000004043E-9,0.0,
,,,651.999982892E-9,0.0,
,,,654.000018585E-9,0.0,
,,,655.999997434E-9,0.0,
,,,657.999976283E-9,-400.00000596E-3,
,,,660.000011976E-9,-400.00000596E-3,
,,,661.999990825E-9,0.0,
,,,663.999969674E-9,0.0,
,,,666.000005367E-9,0.0,
,,,667.999984216E-9,400.00000596E-3,
,,,670.000019909E-9,0.0,
,,,671.999998758E-9,400.00000596E-3,
,,,673.999977607E-9,400.00000596E-3,
,,,676.000013300E-9,0.0,
,,,677.999992149E-9,0.0,
,,,679.999970998E-9,0.0,
,,,682.000006691E-9,0.0,
,,,683.999985540E-9,400.00000596E-3,
,,,686.000021233E-9,800.000011921E-3,
,,,688.000000082E-9,0.0,
,,,689.999978931E-9,-400.00000596E-3,
,,,692.000014624E-9,0.0,
,,,693.999993473E-9,-400.00000596E-3,
,,,695.999972322E-9,0.0,
,,,698.000008015E-9,400.00000596E-3,
,,,699.999986864E-9,0.0,
,,,701.999965713E-9,400.00000596E-3,
,,,704.000001406E-9,0.0,
,,,705.999980255E-9,0.0,
,,,708.000015948E-9,-400.00000596E-3,
,,,709.999994797E-9,0.0,
,,,711.999973646E-9,0.0,
,,,714.000009339E-9,400.00000596E-3,
,,,715.999988188E-9,0.0,
,,,717.999967037E-9,0.0,
,,,720.000002730E-9,-400.00000596E-3,
,,,721.999981579E-9,0.0,
,,,724.000017271E-9,0.0,
,,,725.999996121E-9,0.0,
,,,727.999974970E-9,-400.00000596E-3,
,,,730.000010662E-9,0.0,
,,,731.999989512E-9,0.0,
,,,733.999968361E-9,0.0,
,,,736.000004053E-9,-400.00000596E-3,
,,,737.999982903E-9,0.0,
,,,740.000018595E-9,0.0,
,,,741.999997445E-9,0.0,
,,,743.999976294E-9,400.00000596E-3,
,,,746.000011986E-9,400.00000596E-3,
,,,747.999990836E-9,0.0,
,,,749.999969685E-9,-400.00000596E-3,
,,,752.000005377E-9,400.00000596E-3,
,,,753.999984227E-9,0.0,
,,,755.999963076E-9,0.0,
,,,757.999998768E-9,0.0,
,,,759.999977618E-9,0.0,
,,,762.000013310E-9,0.0,
,,,763.999992159E-9,-400.00000596E-3,
,,,765.999971009E-9,-400.00000596E-3,
,,,768.000006701E-9,0.0,
,,,769.999985550E-9,400.00000596E-3,
,,,771.999964400E-9,0.0,
,,,774.000000092E-9,400.00000596E-3,
,,,775.999978941E-9,0.0,
,,,778.000014634E-9,0.0,
,,,779.999993483E-9,0.0,
,,,781.999972332E-9,0.0,
,,,784.000008025E-9,0.0,
,,,785.999986874E-9,400.00000596E-3,
,,,787.999965723E-9,400.00000596E-3,
,,,790.000001416E-9,0.0,
,,,791.999980265E-9,400.00000596E-3,
,,,794.000015958E-9,0.0,
,,,795.999994807E-9,0.0,
,,,797.999973656E-9,-400.00000596E-3,
,,,800.000009349E-9,0.0,
,,,801.999988198E-9,-400.00000596E-3,
,,,803.999967047E-9,400.00000596E-3,
,,,806.000002740E-9,0.0,
,,,807.999981589E-9,0.0,
,,,810.000017282E-9,0.0,
,,,811.999996131E-9,400.00000596E-3,
,,,813.999974980E-9,-400.00000596E-3,
,,,816.000010673E-9,0.0,
,,,817.999989522E-9,-400.00000596E-3,
,,,819.999968371E-9,0.0,
,,,822.000004064E-9,0.0,
,,,823.999982913E-9,0.0,
,,,825.999961762E-9,0.0,
,,,827.999997455E-9,0.0,
,,,829.999976304E-9,0.0,
,,,832.000011997E-9,0.0,
,,,833.999990846E-9,0.0,
,,,835.999969695E-9,0.0,
,,,838.000005388E-9,-400.00000596E-3,
,,,839.999984237E-9,-400.00000596E-3,
,,,841.999963086E-9,0.0,
,,,843.999998779E-9,0.0,
,,,845.999977628E-9,400.00000596E-3,
,,,848.000013320E-9,-400.00000596E-3,
,,,849.999992170E-9,0.0,
,,,851.999971019E-9,0.0,
,,,854.000006711E-9,0.0,
,,,855.999985561E-9,0.0,
,,,857.999964410E-9,0.0,
,,,860.000000102E-9,0.0,
,,,861.999978952E-9,0.0,
,,,864.000014644E-9,0.0,
,,,865.999993493E-9,0.0,
,,,867.999972343E-9,0.0,
,,,870.000008035E-9,400.00000596E-3,
,,,871.999986884E-9,0.0,
,,,873.999965734E-9,0.0,
,,,876.000001426E-9,0.0,
,,,877.999980275E-9,-400.00000596E-3,
,,,880.000015968E-9,0.0,
,,,881.999994817E-9,-400.00000596E-3,
,,,883.999973667E-9,0.0,
,,,886.000009359E-9,-400.00000596E-3,
,,,887.999988208E-9,0.0,
,,,889.999967058E-9,0.0,
,,,892.000002750E-9,-400.00000596E-3,
,,,893.999981599E-9,400.00000596E-3,
,,,895.999960449E-9,0.0,
,,,897.999996141E-9,-400.00000596E-3,
,,,899.999974990E-9,0.0,
,,,902.000010683E-9,-400.00000596E-3,
,,,903.999989532E-9,-400.00000596E-3,
,,,905.999968381E-9,-400.00000596E-3,
,,,908.000004074E-9,400.00000596E-3,
,,,909.999982923E-9,800.000011921E-3,
,,,911.999961772E-9,400.00000596E-3,
,,,913.999997465E-9,800.000011921E-3,
,,,915.999976314E-9,-400.00000596E-3,
,,,918.000012007E-9,0.0,
,,,919.999990856E-9,400.00000596E-3,
,,,921.999969705E-9,400.00000596E-3,
,,,924.000005398E-9,800.000011921E-3,
,,,925.999984247E-9,800.000011921E-3,
,,,927.999963096E-9,800.000011921E-3,
,,,929.999998789E-9,1.2000000,
,,,931.999977638E-9,800.000011921E-3,
,,,934.000013331E-9,800.000011921E-3,
,,,935.999992180E-9,1.6000000,
,,,937.999971029E-9,1.6000000,
,,,940.000006722E-9,1.6000000,
,,,941.999985571E-9,2.0000000,
,,,943.999964420E-9,2.0000000,
,,,946.000000113E-9,2.0000000,
,,,947.999978962E-9,2.79999995,
,,,949.999957811E-9,3.20000005,
,,,951.999993504E-9,3.20000005,
,,,954.000029196E-9,3.20000005,
,,,956.000008046E-9,3.60000014,
,,,957.999986895E-9,4.00000000,
,,,959.999965744E-9,3.60000014,
,,,961.999944593E-9,4.00000000,
,,,964.000037129E-9,3.60000014,
,,,966.000015978E-9,4.00000000,
,,,967.999994828E-9,4.40000010,
,,,969.999973677E-9,4.80000019,
,,,971.999952526E-9,5.20000029,
,,,973.999931375E-9,5.20000029,
,,,976.000023911E-9,5.20000029,
,,,978.000002760E-9,4.80000019,
,,,979.999981610E-9,5.20000029,
,,,981.999960459E-9,5.59999990,
,,,983.999939308E-9,5.59999990,
,,,986.000031844E-9,5.59999990,
,,,988.000010693E-9,6.00000000,
,,,989.999989542E-9,6.00000000,
,,,991.999968392E-9,6.00000000,
,,,993.999947241E-9,6.00000000,
,,,996.000039777E-9,6.40000010,
,,,998.000018626E-9,6.00000000,
,,,1.000000E-6,6.40000010,
,,,1.0020000E-6,6.40000010,
,,,1.0040000E-6,6.00000000,
,,,1.0059999E-6,6.40000010,
,,,1.0080000E-6,6.40000010,
,,,1.0100000E-6,6.80000019,
,,,1.0120000E-6,6.80000019,
,,,1.0140000E-6,6.80000019,
,,,1.0159999E-6,6.40000010,
,,,1.0180000E-6,6.80000019,
,,,1.0200000E-6,6.80000019,
,,,1.0220000E-6,6.80000019,
,,,1.0240000E-6,7.20000029,
,,,1.0259999E-6,6.80000019,
,,,1.0279999E-6,6.80000019,
,,,1.0300000E-6,7.20000029,
,,,1.0320000E-6,7.20000029,
,,,1.0340000E-6,6.80000019,
,,,1.0360000E-6,6.80000019,
,,,1.0379999E-6,7.20000029,
,,,1.0400000E-6,7.20000029,
,,,1.0420000E-6,7.20000029,
,,,1.0440000E-6,7.20000029,
,,,1.0460000E-6,6.80000019,
,,,1.0479999E-6,6.80000019,
,,,1.0500000E-6,7.20000029,
,,,1.0520000E-6,6.80000019,
,,,1.0540000E-6,6.80000019,
,,,1.0560000E-6,7.20000029,
,,,1.0580000E-6,7.20000029,
,,,1.0599999E-6,6.80000019,
,,,1.0620000E-6,6.80000019,
,,,1.0640000E-6,6.80000019,
,,,1.0660000E-6,7.20000029,
,,,1.0680000E-6,7.20000029,
,,,1.0699999E-6,7.20000029,
,,,1.0720000E-6,7.20000029,
,,,1.0740000E-6,7.20000029,
,,,1.0760000E-6,6.80000019,
,,,1.0780000E-6,7.20000029,
,,,1.0799999E-6,7.20000029,
,,,1.0819999E-6,7.20000029,
,,,1.0840000E-6,7.20000029,
,,,1.0860000E-6,7.599999905,
,,,1.0880000E-6,7.20000029,
,,,1.0900000E-6,6.80000019,
,,,1.0919999E-6,7.599999905,
,,,1.0940000E-6,7.20000029,
,,,1.0960000E-6,7.599999905,
,,,1.0980000E-6,7.599999905,
,,,1.1000000E-6,8.000000000,
,,,1.1019999E-6,8.000000000,
,,,1.1040000E-6,8.000000000,
,,,1.1060000E-6,8.000000000,
,,,1.1080000E-6,8.000000000,
,,,1.1100000E-6,8.800000191,
,,,1.1119999E-6,8.800000191,
,,,1.1139999E-6,8.800000191,
,,,1.1160000E-6,8.800000191,
,,,1.1180000E-6,9.199999809,
,,,1.1200000E-6,9.199999809,
,,,1.1220000E-6,9.199999809,
,,,1.1239999E-6,9.199999809,
,,,1.1260000E-6,9.600000381,
,,,1.1280000E-6,9.600000381,
,,,1.1300000E-6,10.0000000,
,,,1.1320000E-6,10.0000000,
,,,1.1339999E-6,10.0000000,
,,,1.1360000E-6,10.0000000,
,,,1.1380000E-6,10.4000006,
,,,1.1400000E-6,10.8000002,
,,,1.1420000E-6,10.8000002,
,,,1.1440000E-6,10.8000002,
,,,1.1459999E-6,10.8000002,
,,,1.1480000E-6,10.8000002,
,,,1.1500000E-6,10.8000002,
,,,1.1520000E-6,11.1999998,
,,,1.1540000E-6,11.1999998,
,,,1.1559999E-6,11.1999998,
,,,1.1580000E-6,11.6000004,
,,,1.1600000E-6,11.1999998,
,,,1.1620000E-6,11.1999998,
,,,1.1640000E-6,11.6000004,
,,,1.1659999E-6,12.0000000,
,,,1.1679999E-6,11.6000004,
,,,1.1700000E-6,12.0000000,
,,,1.1720000E-6,12.0000000,
,,,1.1740000E-6,12.0000000,
,,,1.1760000E-6,12.0000000,
,,,1.1779999E-6,11.6000004,
,,,1.1800000E-6,12.0000000,
,,,1.1820000E-6,12.4000006,
,,,1.1840000E-6,12.4000006,
,,,1.1860000E-6,11.6000004,
,,,1.1879999E-6,12.4000006,
,,,1.1900000E-6,12.0000000,
,,,1.1920000E-6,12.4000006,
,,,1.1940000E-6,12.0000000,
,,,1.1960000E-6,12.4000006,
,,,1.1979999E-6,12.0000000,
,,,1.1999999E-6,12.8000002,
,,,1.2020000E-6,12.4000006,
,,,1.2040000E-6,12.4000006,
,,,1.2060000E-6,12.0000000,
,,,1.2080000E-6,12.4000006,
,,,1.2099999E-6,12.0000000,
,,,1.2120000E-6,12.4000006,
,,,1.2140000E-6,12.4000006,
,,,1.2160000E-6,12.4000006,
,,,1.2180000E-6,12.4000006,
,,,1.2199999E-6,12.8000002,
,,,1.2219999E-6,12.8000002,
,,,1.2240000E-6,12.4000006,
,,,1.2260000E-6,12.4000006,
,,,1.2280000E-6,12.4000006,
,,,1.2300000E-6,12.4000006,
,,,1.2319999E-6,12.8000002,
,,,1.2340000E-6,12.4000006,
,,,1.2360000E-6,12.0000000,
,,,1.2380000E-6,12.4000006,
,,,1.2400000E-6,12.0000000,
,,,1.2419999E-6,12.4000006,
,,,1.2440000E-6,12.4000006,
,,,1.2460000E-6,12.4000006,
,,,1.2480000E-6,12.4000006,
,,,1.2500000E-6,12.4000006,
,,,1.2519999E-6,12.4000006,
,,,1.2539999E-6,12.4000006,
,,,1.2560000E-6,12.8000002,
,,,1.2580000E-6,12.4000006,
,,,1.2600000E-6,12.4000006,
,,,1.2620000E-6,12.4000006,
,,,1.2639999E-6,12.8000002,
,,,1.2660000E-6,12.8000002,
,,,1.2680000E-6,12.8000002,
,,,1.2700000E-6,12.8000002,
,,,1.2720000E-6,12.8000002,
,,,1.2739999E-6,13.1999998,
,,,1.2759999E-6,12.8000002,
,,,1.2780000E-6,13.1999998,
,,,1.2800000E-6,13.1999998,
,,,1.2820000E-6,13.6000004,
,,,1.2839999E-6,13.6000004,
,,,1.2859999E-6,13.1999998,
,,,1.2880000E-6,13.6000004,
,,,1.2900000E-6,13.6000004,
,,,1.2920000E-6,14.0000000,
,,,1.2940000E-6,14.0000000,
,,,1.2959999E-6,14.4000006,
,,,1.2980000E-6,14.0000000,
,,,1.3000000E-6,14.4000006,
,,,1.3020000E-6,14.4000006,
,,,1.3040000E-6,14.4000006,
,,,1.3059999E-6,14.8000002,
,,,1.3079999E-6,14.4000006,
,,,1.3100000E-6,15.1999998,
,,,1.3120000E-6,14.8000002,
,,,1.3140000E-6,14.8000002,
,,,1.3160000E-6,15.1999998,
,,,1.3179999E-6,14.8000002,
,,,1.3200000E-6,15.1999998,
,,,1.3220000E-6,15.6000004,
,,,1.3240000E-6,14.4000006,
,,,1.3260000E-6,16.0000000,
,,,1.3279999E-6,14.8000002,
,,,1.3300000E-6,16.0000000,
,,,1.3320000E-6,16.0000000,
,,,1.3340000E-6,14.4000006,
,,,1.3360000E-6,14.8000002,
,,,1.3379999E-6,16.0000000,
,,,1.3399999E-6,15.6000004,
,,,1.3420000E-6,16.8000011,
,,,1.3440000E-6,16.3999996,
,,,1.3460000E-6,15.6000004,
,,,1.3480000E-6,14.4000006,
,,,1.3499999E-6,16.3999996,
,,,1.3520000E-6,16.0000000,
,,,1.3540000E-6,15.6000004,
,,,1.3560000E-6,14.8000002,
,,,1.3580000E-6,16.0000000,
,,,1.3599999E-6,15.6000004,
,,,1.3619999E-6,18.0000000,
,,,1.3640000E-6,18.0000000,
,,,1.3660000E-6,15.6000004,
,,,1.3680000E-6,16.0000000,
,,,1.3699999E-6,17.2000008,
,,,1.3719999E-6,18.8000011,
,,,1.3740000E-6,18.0000000,
,,,1.3760000E-6,19.2000008,
,,,1.3780000E-6,17.6000004,
,,,1.3800000E-6,16.0000000,
,,,1.3819999E-6,18.3999996,
,,,1.3840000E-6,19.6000004,
,,,1.3860000E-6,17.2000008,
,,,1.3880000E-6,16.8000011,
,,,1.3900000E-6,17.6000004,
,,,1.3919999E-6,15.1999998,
,,,1.3939999E-6,18.8000011,
,,,1.3960000E-6,18.0000000,
,,,1.3980000E-6,17.2000008,
,,,1.4000000E-6,18.8000011,
,,,1.4020000E-6,18.0000000,
,,,1.4039999E-6,19.2000008,
,,,1.4060000E-6,17.2000008,
,,,1.4080000E-6,17.6000004,
,,,1.4100000E-6,18.3999996,
,,,1.4120000E-6,17.6000004,
,,,1.4139999E-6,20.39999962,
,,,1.4159999E-6,18.8000011,
,,,1.4180000E-6,19.2000008,
,,,1.4200000E-6,15.6000004,
,,,1.4220000E-6,17.2000008,
,,,1.4239999E-6,16.8000011,
,,,1.4259999E-6,16.8000011,
,,,1.4280000E-6,15.6000004,
,,,1.4300000E-6,12.4000006,
,,,1.4320000E-6,16.3999996,
,,,1.4340000E-6,16.0000000,
,,,1.4359999E-6,13.6000004,
,,,1.4380000E-6,12.8000002,
,,,1.4400000E-6,12.0000000,
,,,1.4420000E-6,14.0000000,
,,,1.4440000E-6,14.4000006,
,,,1.4459999E-6,17.6000004,
,,,1.4479999E-6,14.0000000,
,,,1.4500000E-6,16.0000000,
,,,1.4520000E-6,16.3999996,
,,,1.4540000E-6,16.0000000,
,,,1.4559999E-6,16.0000000,
,,,1.4579999E-6,13.6000004,
,,,1.4600000E-6,13.6000004,
,,,1.4620000E-6,17.2000008,
,,,1.4640000E-6,19.6000004,
,,,1.4660000E-6,20.39999962,
,,,1.4679999E-6,21.60000038,
,,,1.4699999E-6,18.3999996,
,,,1.4720000E-6,16.0000000,
,,,1.4740000E-6,19.6000004,
,,,1.4760000E-6,18.3999996,
,,,1.4779999E-6,17.6000004,
,,,1.4799999E-6,16.3999996,
,,,1.4820000E-6,17.2000008,
,,,1.4840000E-6,19.6000004,
,,,1.4860000E-6,18.8000011,
,,,1.4880000E-6,22.00000000,
,,,1.4899999E-6,21.60000038,
,,,1.4920000E-6,22.39999962,
,,,1.4940000E-6,23.20000076,
,,,1.4960000E-6,21.20000076,
,,,1.4980000E-6,18.8000011,
,,,1.4999999E-6,17.2000008,
,,,1.5019999E-6,16.8000011,
,,,1.5040000E-6,17.2000008,
,,,1.5060000E-6,20.39999962,
,,,1.5080000E-6,22.80000114,
,,,1.5099999E-6,22.80000114,
,,,1.5119999E-6,24.00000000,
,,,1.5140000E-6,23.20000076,
,,,1.5160000E-6,22.39999962,
,,,1.5180000E-6,22.00000000,
,,,1.5200000E-6,19.6000004,
,,,1.5219999E-6,17.2000008,
,,,1.5240000E-6,18.3999996,
,,,1.5260000E-6,19.6000004,
,,,1.5280000E-6,20.39999962,
,,,1.5300000E-6,23.20000076,
,,,1.5319999E-6,23.20000076,
,,,1.5339999E-6,24.39999962,
,,,1.5360000E-6,23.60000038,
,,,1.5380000E-6,22.00000000,
,,,1.5400000E-6,20.39999962,
,,,1.5419999E-6,20.80000114,
,,,1.5439999E-6,21.60000038,
,,,1.5460000E-6,18.8000011,
,,,1.5480000E-6,20.0000000,
,,,1.5500000E-6,20.80000114,
,,,1.5520000E-6,23.60000038,
,,,1.5539999E-6,24.00000000,
,,,1.5559999E-6,24.80000114,
,,,1.5580000E-6,24.39999962,
,,,1.5600000E-6,21.60000038,
,,,1.5620000E-6,20.39999962,
,,,1.5639999E-6,19.6000004,
,,,1.5659999E-6,20.39999962,
,,,1.5680000E-6,20.80000114,
,,,1.5700000E-6,20.39999962,
,,,1.5720000E-6,21.60000038,
,,,1.5740000E-6,21.60000038,
,,,1.5759999E-6,23.60000038,
,,,1.5780000E-6,25.20000076,
,,,1.5800000E-6,24.39999962,
,,,1.5820000E-6,21.60000038,
,,,1.5840000E-6,20.80000114,
,,,1.5859999E-6,20.0000000,
,,,1.5879999E-6,18.3999996,
,,,1.5900000E-6,19.2000008,
,,,1.5920000E-6,22.39999962,
,,,1.5940000E-6,24.00000000,
,,,1.5959999E-6,23.60000038,
,,,1.5979999E-6,23.60000038,
,,,1.6000000E-6,23.20000076,
,,,1.6020000E-6,21.60000038,
,,,1.6040000E-6,21.20000076,
,,,1.6060000E-6,21.60000038,
,,,1.6079999E-6,20.80000114,
,,,1.6099999E-6,20.39999962,
,,,1.6120000E-6,20.0000000,
,,,1.6140000E-6,22.39999962,
,,,1.6160000E-6,24.00000000,
,,,1.6179999E-6,24.80000114,
,,,1.6199999E-6,25.60000038,
,,,1.6220000E-6,23.20000076,
,,,1.6240000E-6,21.20000076,
,,,1.6260000E-6,21.60000038,
,,,1.6279999E-6,22.00000000,
,,,1.6299999E-6,22.00000000,
,,,1.6320000E-6,22.00000000,
,,,1.6340000E-6,22.00000000,
,,,1.6360000E-6,23.20000076,
,,,1.6380000E-6,22.39999962,
,,,1.6399999E-6,24.00000000,
,,,1.6419999E-6,26.39999962,
,,,1.6440000E-6,25.20000076,
,,,1.6460000E-6,23.20000076,
,,,1.6480000E-6,23.60000038,
,,,1.6499999E-6,22.00000000,
,,,1.6519999E-6,22.00000000,
,,,1.6540000E-6,21.60000038,
,,,1.6560000E-6,24.80000114,
,,,1.6580000E-6,26.80000114,
,,,1.6600000E-6,26.39999962,
,,,1.6619999E-6,26.80000114,
,,,1.6639999E-6,26.39999962,
,,,1.6660000E-6,23.60000038,
,,,1.6680000E-6,24.00000000,
,,,1.6700000E-6,24.00000000,
,,,1.6719999E-6,24.00000000,
,,,1.6739999E-6,24.00000000,
,,,1.6760000E-6,23.60000038,
,,,1.6780000E-6,26.80000114,
,,,1.6800000E-6,25.20000076,
,,,1.6819999E-6,26.80000114,
,,,1.6839999E-6,28.39999962,
,,,1.6860000E-6,26.80000114,
,,,1.6880000E-6,23.60000038,
,,,1.6900000E-6,25.20000076,
,,,1.6920000E-6,24.39999962,
,,,1.6939999E-6,24.80000114,
,,,1.6959999E-6,24.00000000,
,,,1.6980000E-6,26.00000000,
,,,1.7000000E-6,26.80000114,
,,,1.7020000E-6,27.20000076,
,,,1.7039999E-6,28.00000000,
,,,1.7059999E-6,27.60000038,
,,,1.7080000E-6,25.20000076,
,,,1.7100000E-6,25.60000038,
,,,1.7120000E-6,24.80000114,
,,,1.7139999E-6,24.80000114,
,,,1.7159999E-6,24.39999962,
,,,1.7179999E-6,24.00000000,
,,,1.7200000E-6,27.60000038,
,,,1.7220000E-6,27.20000076,
,,,1.7240000E-6,28.39999962,
,,,1.7259999E-6,29.20000076,
,,,1.7279999E-6,26.00000000,
,,,1.7300000E-6,25.20000076,
,,,1.7320000E-6,25.20000076,
,,,1.7340000E-6,24.80000114,
,,,1.7359999E-6,25.20000076,
,,,1.7379999E-6,24.00000000,
,,,1.7400000E-6,26.80000114,
,,,1.7420000E-6,26.80000114,
,,,1.7440000E-6,28.00000000,
,,,1.7460000E-6,30.00000000,
,,,1.7479999E-6,26.39999962,
,,,1.7499999E-6,24.39999962,
,,,1.7520000E-6,24.80000114,
,,,1.7540000E-6,22.80000114,
,,,1.7560000E-6,22.39999962,
,,,1.7579999E-6,24.00000000,
,,,1.7599999E-6,24.80000114,
,,,1.7620000E-6,27.60000038,
,,,1.7640000E-6,28.39999962,
,,,1.7660000E-6,27.60000038,
,,,1.7679999E-6,24.00000000,
,,,1.7699999E-6,22.80000114,
,,,1.7720000E-6,23.20000076,
,,,1.7740000E-6,22.39999962,
,,,1.7760000E-6,24.39999962,
,,,1.7780000E-6,24.80000114,
,,,1.7799999E-6,23.60000038,
,,,1.7819999E-6,24.39999962,
,,,1.7840000E-6,24.80000114,
,,,1.7860000E-6,25.20000076,
,,,1.7880000E-6,24.80000114,
,,,1.7899999E-6,23.60000038,
,,,1.7919999E-6,23.60000038,
,,,1.7940000E-6,23.60000038,
,,,1.7960000E-6,22.00000000,
,,,1.7980000E-6,22.39999962,
,,,1.7999999E-6,22.00000000,
,,,1.8019999E-6,23.20000076,
,,,1.8039999E-6,24.39999962,
,,,1.8060000E-6,24.80000114,
,,,1.8080000E-6,25.20000076,
,,,1.8100000E-6,22.00000000,
,,,1.8119999E-6,22.80000114,
,,,1.8139999E-6,22.00000000,
,,,1.8160000E-6,20.80000114,
,,,1.8180000E-6,21.20000076,
,,,1.8200000E-6,20.80000114,
,,,1.8219999E-6,23.20000076,
,,,1.8239999E-6,24.39999962,
,,,1.8260000E-6,25.20000076,
,,,1.8280000E-6,24.39999962,
,,,1.8300000E-6,22.39999962,
,,,1.8320000E-6,21.60000038,
,,,1.8339999E-6,20.39999962,
,,,1.8359999E-6,20.39999962,
,,,1.8380000E-6,20.80000114,
,,,1.8400000E-6,22.00000000,
,,,1.8420000E-6,23.20000076,
,,,1.8439999E-6,23.60000038,
,,,1.8459999E-6,24.00000000,
,,,1.8480000E-6,22.80000114,
,,,1.8500000E-6,22.39999962,
,,,1.8520000E-6,21.60000038,
,,,1.8539999E-6,21.60000038,
,,,1.8559999E-6,21.60000038,
,,,1.8579999E-6,20.0000000,
,,,1.8600000E-6,21.20000076,
,,,1.8620000E-6,22.00000000,
,,,1.8640000E-6,22.39999962,
,,,1.8659999E-6,23.60000038,
,,,1.8679999E-6,23.20000076,
,,,1.8700000E-6,22.80000114,
,,,1.8720000E-6,21.20000076,
,,,1.8740000E-6,21.20000076,
,,,1.8759999E-6,20.80000114,
,,,1.8779999E-6,20.39999962,
,,,1.8800000E-6,20.80000114,
,,,1.8820000E-6,21.20000076,
,,,1.8840000E-6,22.39999962,
,,,1.8859999E-6,22.39999962,
,,,1.8879999E-6,22.80000114,
,,,1.8899999E-6,23.20000076,
,,,1.8920000E-6,22.00000000,
,,,1.8940000E-6,22.39999962,
,,,1.8960000E-6,22.00000000,
,,,1.8979999E-6,20.80000114,
,,,1.8999999E-6,20.80000114,
,,,1.9020000E-6,21.60000038,
,,,1.9040000E-6,22.39999962,
,,,1.9060000E-6,23.20000076,
,,,1.9080001E-6,23.20000076,
,,,1.9100000E-6,22.80000114,
,,,1.9120000E-6,22.00000000,
,,,1.9140000E-6,22.00000000,
,,,1.9160000E-6,21.60000038,
,,,1.9180000E-6,20.80000114,
,,,1.9199999E-6,20.39999962,
,,,1.9219999E-6,20.80000114,
,,,1.9239999E-6,22.00000000,
,,,1.9259999E-6,22.00000000,
,,,1.9279998E-6,22.39999962,
,,,1.9300001E-6,22.39999962,
,,,1.9320000E-6,22.00000000,
,,,1.9340000E-6,21.60000038,
,,,1.9360000E-6,20.80000114,
,,,1.9380000E-6,20.80000114,
,,,1.9399999E-6,20.80000114,
,,,1.9419999E-6,20.39999962,
,,,1.9439999E-6,21.20000076,
,,,1.9459999E-6,21.60000038,
,,,1.9479999E-6,22.00000000,
,,,1.9500001E-6,21.20000076,
,,,1.9520000E-6,21.20000076,
,,,1.9540000E-6,21.20000076,
,,,1.9560000E-6,20.80000114,
,,,1.9580000E-6,20.39999962,
,,,1.9600000E-6,20.0000000,
,,,1.9619999E-6,20.0000000,
,,,1.9639999E-6,20.0000000,
,,,1.9659999E-6,20.39999962,
,,,1.9679999E-6,20.80000114,
,,,1.9699999E-6,20.80000114,
,,,1.9720001E-6,21.20000076,
,,,1.9740000E-6,20.80000114,
,,,1.9760000E-6,20.0000000,
,,,1.9780000E-6,19.6000004,
,,,1.9800000E-6,19.2000008,
,,,1.9820000E-6,19.2000008,
,,,1.9839999E-6,19.2000008,
,,,1.9859999E-6,20.0000000,
,,,1.9879999E-6,20.0000000,
,,,1.9899999E-6,20.0000000,
,,,1.9919999E-6,20.39999962,
,,,1.9940001E-6,20.0000000,
,,,1.9960000E-6,20.0000000,
,,,1.9980000E-6,19.6000004,
,,,2.0000000E-6,19.2000008,
,,,2.0020000E-6,18.8000011,
,,,2.0040000E-6,19.2000008,
,,,2.0059999E-6,19.6000004,
,,,2.0079999E-6,20.0000000,
,,,2.0099999E-6,20.0000000,
,,,2.0119999E-6,20.39999962,
,,,2.0139998E-6,19.6000004,
,,,2.0160001E-6,19.2000008,
,,,2.0180000E-6,19.2000008,
,,,2.0200000E-6,18.8000011,
,,,2.0220000E-6,18.8000011,
,,,2.0240000E-6,19.2000008,
,,,2.0259999E-6,19.6000004,
,,,2.0279999E-6,19.2000008,
,,,2.0299999E-6,19.6000004,
,,,2.0319999E-6,19.2000008,
,,,2.0339999E-6,19.2000008,
,,,2.0359998E-6,19.2000008,
,,,2.0380000E-6,19.2000008,
,,,2.0400000E-6,18.8000011,
,,,2.0420000E-6,18.8000011,
,,,2.0440000E-6,18.8000011,
,,,2.0460000E-6,19.2000008,
,,,2.0479999E-6,19.2000008,
,,,2.0499999E-6,19.2000008,
,,,2.0519999E-6,19.6000004,
,,,2.0539999E-6,19.2000008,
,,,2.0559999E-6,19.6000004,
,,,2.0580001E-6,19.2000008,
,,,2.0600000E-6,18.8000011,
,,,2.0620000E-6,18.8000011,
,,,2.0640000E-6,18.8000011,
,,,2.0660000E-6,18.8000011,
,,,2.0680000E-6,19.2000008,
,,,2.0699999E-6,19.6000004,
,,,2.0719999E-6,19.6000004,
,,,2.0739999E-6,19.6000004,
,,,2.0759999E-6,19.2000008,
,,,2.0779999E-6,19.2000008,
,,,2.0800001E-6,18.8000011,
,,,2.0820000E-6,18.3999996,
,,,2.0840000E-6,18.3999996,
,,,2.0860000E-6,18.8000011,
,,,2.0880000E-6,19.2000008,
,,,2.0900000E-6,19.2000008,
,,,2.0919999E-6,19.2000008,
,,,2.0939999E-6,18.8000011,
,,,2.0959999E-6,19.2000008,
,,,2.0979999E-6,18.8000011,
,,,2.0999998E-6,18.3999996,
,,,2.1020001E-6,18.3999996,
,,,2.1040000E-6,18.3999996,
,,,2.1060000E-6,18.8000011,
,,,2.1080000E-6,18.8000011,
,,,2.1100000E-6,19.2000008,
,,,2.1119999E-6,18.8000011,
,,,2.1139999E-6,18.8000011,
,,,2.1159999E-6,18.3999996,
,,,2.1179999E-6,18.0000000,
,,,2.1199999E-6,18.0000000,
,,,2.1219998E-6,18.0000000,
,,,2.1240000E-6,18.3999996,
,,,2.1260000E-6,18.3999996,
,,,2.1280000E-6,18.3999996,
,,,2.1300000E-6,18.3999996,
,,,2.1320000E-6,18.3999996,
,,,2.1339999E-6,18.3999996,
,,,2.1359999E-6,18.0000000,
,,,2.1379999E-6,18.0000000,
,,,2.1399999E-6,17.6000004,
,,,2.1419999E-6,17.6000004,
,,,2.1440001E-6,17.6000004,
,,,2.1460000E-6,17.6000004,
,,,2.1480000E-6,17.2000008,
,,,2.1500000E-6,17.6000004,
,,,2.1520000E-6,17.6000004,
,,,2.1540000E-6,17.6000004,
,,,2.1559999E-6,17.6000004,
,,,2.1579999E-6,17.2000008,
,,,2.1599999E-6,17.2000008,
,,,2.1619999E-6,17.2000008,
,,,2.1639999E-6,17.2000008,
,,,2.1660001E-6,17.2000008,
,,,2.1680000E-6,17.2000008,
,,,2.1700000E-6,17.6000004,
,,,2.1720000E-6,17.6000004,
,,,2.1740000E-6,17.6000004,
,,,2.1760000E-6,17.6000004,
,,,2.1779999E-6,16.8000011,
,,,2.1799999E-6,16.8000011,
,,,2.1819999E-6,16.8000011,
,,,2.1839999E-6,17.2000008,
,,,2.1859998E-6,17.2000008,
,,,2.1880001E-6,17.2000008,
,,,2.1900000E-6,16.8000011,
,,,2.1920000E-6,17.2000008,
,,,2.1940000E-6,17.2000008,
,,,2.1960000E-6,16.8000011,
,,,2.1979999E-6,16.8000011,
,,,2.1999999E-6,16.8000011,
,,,2.2019999E-6,16.3999996,
,,,2.2039999E-6,16.8000011,
,,,2.2059999E-6,16.8000011,
,,,2.2079998E-6,16.8000011,
,,,2.2100000E-6,16.8000011,
,,,2.2120000E-6,16.8000011,
,,,2.2140000E-6,17.2000008,
,,,2.2160000E-6,16.8000011,
,,,2.2180000E-6,16.8000011,
,,,2.2199999E-6,16.8000011,
,,,2.2219999E-6,16.3999996,
,,,2.2239999E-6,16.8000011,
,,,2.2259999E-6,16.3999996,
,,,2.2279999E-6,16.3999996,
,,,2.2299998E-6,16.8000011,
,,,2.2320000E-6,16.8000011,
,,,2.2340000E-6,16.3999996,
,,,2.2360000E-6,17.2000008,
,,,2.2380000E-6,16.8000011,
,,,2.2400000E-6,16.3999996,
,,,2.2419999E-6,16.3999996,
,,,2.2439999E-6,16.3999996,
,,,2.2459999E-6,16.3999996,
,,,2.2479999E-6,16.3999996,
,,,2.2499999E-6,16.3999996,
,,,2.2520001E-6,16.8000011,
,,,2.2540000E-6,16.3999996,
,,,2.2560000E-6,16.3999996,
,,,2.2580000E-6,16.8000011,
,,,2.2600000E-6,16.3999996,
,,,2.2620000E-6,16.0000000,
,,,2.2639999E-6,16.3999996,
,,,2.2659999E-6,16.0000000,
,,,2.2679999E-6,16.3999996,
,,,2.2699999E-6,16.3999996,
,,,2.2719998E-6,16.3999996,
,,,2.2740001E-6,16.8000011,
,,,2.2760000E-6,16.0000000,
,,,2.2780000E-6,16.3999996,
,,,2.2800000E-6,16.0000000,
,,,2.2820000E-6,16.3999996,
,,,2.2839999E-6,16.0000000,
,,,2.2859999E-6,16.0000000,
,,,2.2879999E-6,16.0000000,
,,,2.2899999E-6,16.0000000,
,,,2.2919999E-6,16.0000000,
,,,2.2939998E-6,16.0000000,
,,,2.2960000E-6,16.0000000,
,,,2.2980000E-6,16.0000000,
,,,2.3000000E-6,16.0000000,
,,,2.3020000E-6,15.6000004,
,,,2.3040000E-6,15.6000004,
,,,2.3059999E-6,15.6000004,
,,,2.3079999E-6,15.6000004,
,,,2.3099999E-6,15.6000004,
,,,2.3119999E-6,15.6000004,
,,,2.3139999E-6,15.1999998,
,,,2.3159998E-6,15.6000004,
,,,2.3180000E-6,15.6000004,
,,,2.3200000E-6,15.6000004,
,,,2.3220000E-6,15.1999998,
,,,2.3240000E-6,15.1999998,
,,,2.3260000E-6,15.1999998,
,,,2.3279999E-6,14.8000002,
,,,2.3299999E-6,15.1999998,
,,,2.3319999E-6,14.8000002,
,,,2.3339999E-6,15.1999998,
,,,2.3359999E-6,15.1999998,
,,,2.3380001E-6,15.1999998,
,,,2.3400000E-6,15.1999998,
,,,2.3420000E-6,15.1999998,
,,,2.3440000E-6,14.8000002,
,,,2.3460000E-6,14.8000002,
,,,2.3480000E-6,14.8000002,
,,,2.3499999E-6,14.8000002,
,,,2.3519999E-6,14.8000002,
,,,2.3539999E-6,14.4000006,
,,,2.3559999E-6,15.1999998,
,,,2.3579998E-6,14.8000002,
,,,2.3600001E-6,14.8000002,
,,,2.3620000E-6,14.8000002,
,,,2.3640000E-6,14.4000006,
,,,2.3660000E-6,14.4000006,
,,,2.3680000E-6,14.8000002,
,,,2.3699999E-6,14.8000002,
,,,2.3719999E-6,14.8000002,
,,,2.3739999E-6,14.4000006,
,,,2.3759999E-6,14.4000006,
,,,2.3779999E-6,14.4000006,
,,,2.3799998E-6,14.8000002,
,,,2.3820000E-6,14.4000006,
,,,2.3840000E-6,14.8000002,
,,,2.3860000E-6,14.4000006,
,,,2.3880000E-6,14.4000006,
,,,2.3900000E-6,14.4000006,
,,,2.3919999E-6,14.4000006,
,,,2.3939999E-6,14.4000006,
,,,2.3959999E-6,14.4000006,
,,,2.3979999E-6,14.8000002,
,,,2.3999999E-6,14.4000006,
,,,2.4019998E-6,14.4000006,
,,,2.4040000E-6,14.4000006,
,,,2.4060000E-6,14.8000002,
,,,2.4080000E-6,14.4000006,
,,,2.4100000E-6,14.4000006,
,,,2.4120000E-6,14.4000006,
,,,2.4139999E-6,14.4000006,
,,,2.4159999E-6,14.0000000,
,,,2.4179999E-6,14.4000006,
,,,2.4199999E-6,14.4000006,
,,,2.4219999E-6,14.0000000,
,,,2.4239998E-6,14.4000006,
,,,2.4260000E-6,14.4000006,
,,,2.4280000E-6,14.0000000,
,,,2.4300000E-6,14.0000000,
,,,2.4320000E-6,14.0000000,
,,,2.4340000E-6,14.0000000,
,,,2.4359999E-6,14.0000000,
,,,2.4379999E-6,14.4000006,
,,,2.4399999E-6,14.0000000,
,,,2.4419999E-6,14.0000000,
,,,2.4439998E-6,14.0000000,
,,,2.4460001E-6,14.0000000,
,,,2.4480000E-6,13.6000004,
,,,2.4500000E-6,14.0000000,
,,,2.4520000E-6,14.0000000,
,,,2.4540000E-6,14.0000000,
,,,2.4559999E-6,14.0000000,
,,,2.4579999E-6,14.0000000,
,,,2.4599999E-6,14.0000000,
,,,2.4619999E-6,14.0000000,
,,,2.4639999E-6,14.0000000,
,,,2.4659998E-6,14.0000000,
,,,2.4680000E-6,13.6000004,
,,,2.4700000E-6,13.6000004,
,,,2.4720000E-6,13.6000004,
,,,2.4740000E-6,13.1999998,
,,,2.4760000E-6,13.1999998,
,,,2.4779999E-6,13.1999998,
,,,2.4799999E-6,13.1999998,
,,,2.4819999E-6,13.6000004,
,,,2.4839999E-6,13.1999998,
,,,2.4859999E-6,13.6000004,
,,,2.4879998E-6,13.1999998,
,,,2.4900000E-6,13.1999998,
,,,2.4920000E-6,13.1999998,
,,,2.4940000E-6,13.1999998,
,,,2.4960000E-6,13.1999998,
,,,2.4980000E-6,13.1999998,
,,,2.4999999E-6,13.1999998,
,,,2.5019999E-6,13.1999998,
,,,2.5039999E-6,13.1999998,
,,,2.5059999E-6,13.1999998,
,,,2.5079999E-6,13.1999998,
,,,2.5099998E-6,13.1999998,
,,,2.5120000E-6,12.8000002,
,,,2.5140000E-6,12.8000002,
,,,2.5160000E-6,12.8000002,
,,,2.5180000E-6,12.8000002,
,,,2.5200000E-6,12.8000002,
,,,2.5219999E-6,13.1999998,
,,,2.5239999E-6,13.1999998,
,,,2.5259999E-6,13.1999998,
,,,2.5279999E-6,13.1999998,
,,,2.5299998E-6,13.1999998,
,,,2.5320001E-6,12.8000002,
,,,2.5340000E-6,12.8000002,
,,,2.5360000E-6,12.8000002,
,,,2.5380000E-6,12.8000002,
,,,2.5400000E-6,12.8000002,
,,,2.5419999E-6,12.4000006,
,,,2.5439999E-6,12.8000002,
,,,2.5459999E-6,12.8000002,
,,,2.5479999E-6,12.4000006,
,,,2.5499999E-6,12.8000002,
,,,2.5519998E-6,12.4000006,
,,,2.5540000E-6,12.4000006,
,,,2.5560000E-6,13.1999998,
,,,2.5580000E-6,12.8000002,
,,,2.5600000E-6,12.8000002,
,,,2.5620000E-6,12.4000006,
,,,2.5639999E-6,12.8000002,
,,,2.5659999E-6,12.4000006,
,,,2.5679999E-6,12.4000006,
,,,2.5699999E-6,12.4000006,
,,,2.5719999E-6,12.4000006,
,,,2.5739998E-6,12.4000006,
,,,2.5760000E-6,12.4000006,
,,,2.5780000E-6,12.4000006,
,,,2.5800000E-6,12.8000002,
,,,2.5820000E-6,12.0000000,
,,,2.5840000E-6,12.4000006,
,,,2.5859999E-6,12.4000006,
,,,2.5879999E-6,12.4000006,
,,,2.5899999E-6,12.4000006,
,,,2.5919999E-6,12.4000006,
,,,2.5939999E-6,12.0000000,
,,,2.5959998E-6,12.0000000,
,,,2.5980000E-6,12.0000000,
,,,2.6000000E-6,12.4000006,
,,,2.6020000E-6,12.0000000,
,,,2.6040000E-6,12.8000002,
,,,2.6060000E-6,12.4000006,
,,,2.6079999E-6,12.4000006,
,,,2.6099999E-6,12.0000000,
,,,2.6119999E-6,12.0000000,
,,,2.6139999E-6,12.4000006,
,,,2.6159998E-6,12.0000000,
,,,2.6179998E-6,12.0000000,
,,,2.6200000E-6,12.0000000,
,,,2.6220000E-6,12.4000006,
,,,2.6240000E-6,12.0000000,
,,,2.6260000E-6,12.0000000,
,,,2.6279999E-6,12.0000000,
,,,2.6299999E-6,12.0000000,
,,,2.6319999E-6,12.0000000,
,,,2.6339999E-6,11.6000004,
,,,2.6359999E-6,12.0000000,
,,,2.6379998E-6,12.0000000,
,,,2.6400000E-6,11.6000004,
,,,2.6420000E-6,11.6000004,
,,,2.6440000E-6,12.0000000,
,,,2.6460000E-6,12.0000000,
,,,2.6480000E-6,11.6000004,
,,,2.6499999E-6,11.6000004,
,,,2.6519999E-6,11.6000004,
,,,2.6539999E-6,12.0000000,
,,,2.6559999E-6,11.6000004,
,,,2.6579999E-6,11.6000004,
,,,2.6599998E-6,11.6000004,
,,,2.6620000E-6,11.6000004,
,,,2.6640000E-6,11.1999998,
,,,2.6660000E-6,11.1999998,
,,,2.6680000E-6,11.1999998,
,,,2.6700000E-6,11.1999998,
,,,2.6719999E-6,11.1999998,
,,,2.6739999E-6,11.1999998,
,,,2.6759999E-6,11.1999998,
,,,2.6779999E-6,11.1999998,
,,,2.6799999E-6,11.1999998,
,,,2.6819998E-6,11.1999998,
,,,2.6840000E-6,11.1999998,
,,,2.6860000E-6,11.1999998,
,,,2.6880000E-6,11.1999998,
,,,2.6900000E-6,11.1999998,
,,,2.6920000E-6,11.1999998,
,,,2.6939999E-6,10.8000002,
,,,2.6959999E-6,11.1999998,
,,,2.6979999E-6,10.8000002,
,,,2.6999999E-6,11.1999998,
,,,2.7019998E-6,10.8000002,
,,,2.7039998E-6,10.8000002,
,,,2.7060000E-6,10.8000002,
,,,2.7080000E-6,11.1999998,
,,,2.7100000E-6,10.8000002,
,,,2.7120000E-6,10.8000002,
,,,2.7139999E-6,10.8000002,
,,,2.7159999E-6,11.1999998,
,,,2.7179999E-6,11.1999998,
,,,2.71999988E-6,10.8000002,
,,,2.72199986E-6,10.8000002,
,,,2.72399984E-6,11.1999998,
,,,2.72600005E-6,11.1999998,
,,,2.72800003E-6,10.8000002,
,,,2.73000001E-6,10.8000002,
,,,2.73199998E-6,10.8000002,
,,,2.73399996E-6,10.8000002,
,,,2.73599994E-6,10.8000002,
,,,2.73799992E-6,10.8000002,
,,,2.73999990E-6,10.8000002,
,,,2.74199988E-6,10.4000006,
,,,2.74399986E-6,10.8000002,
,,,2.74599984E-6,10.8000002,
,,,2.74800004E-6,10.4000006,
,,,2.75000002E-6,10.8000002,
,,,2.75200000E-6,10.4000006,
,,,2.75399998E-6,10.8000002,
,,,2.75599996E-6,10.8000002,
,,,2.75799994E-6,10.4000006,
,,,2.75999992E-6,10.4000006,
,,,2.76199989E-6,10.8000002,
,,,2.76399987E-6,10.4000006,
,,,2.76599985E-6,10.4000006,
,,,2.76799983E-6,10.8000002,
,,,2.77000004E-6,10.4000006,
,,,2.77200002E-6,10.4000006,
,,,2.77400000E-6,10.4000006,
,,,2.77599997E-6,10.4000006,
,,,2.77799995E-6,10.8000002,
,,,2.77999993E-6,10.8000002,
,,,2.78199991E-6,10.4000006,
,,,2.78399989E-6,10.4000006,
,,,2.78599987E-6,10.4000006,
,,,2.78799985E-6,10.4000006,
,,,2.78999983E-6,10.8000002,
,,,2.79200003E-6,10.4000006,
,,,2.79400001E-6,10.4000006,
,,,2.79599999E-6,10.4000006,
,,,2.79799997E-6,10.4000006,
,,,2.79999995E-6,10.4000006,
,,,2.80199993E-6,10.8000002,
,,,2.80399991E-6,10.0000000,
,,,2.80599988E-6,10.4000006,
,,,2.80799986E-6,10.4000006,
,,,2.80999984E-6,10.4000006,
,,,2.81199982E-6,10.0000000,
,,,2.81400003E-6,10.0000000,
,,,2.81600001E-6,10.4000006,
,,,2.81799998E-6,10.0000000,
,,,2.81999996E-6,10.0000000,
,,,2.82199994E-6,10.0000000,
,,,2.82399992E-6,10.0000000,
,,,2.82599990E-6,10.0000000,
,,,2.82799988E-6,10.0000000,
,,,2.82999986E-6,10.0000000,
,,,2.83199984E-6,10.0000000,
,,,2.83400004E-6,10.0000000,
,,,2.83600002E-6,10.0000000,
,,,2.83800000E-6,10.0000000,
,,,2.83999998E-6,10.0000000,
,,,2.84199996E-6,10.0000000,
,,,2.84399994E-6,10.0000000,
,,,2.84599992E-6,9.600000381,
,,,2.84799989E-6,9.600000381,
,,,2.84999987E-6,9.600000381,
,,,2.85199985E-6,9.600000381,
,,,2.85399983E-6,9.600000381,
,,,2.85600004E-6,10.0000000,
,,,2.85800002E-6,9.199999809,
,,,2.86000000E-6,9.600000381,
,,,2.86199997E-6,9.199999809,
,,,2.86399995E-6,9.199999809,
,,,2.86599993E-6,9.600000381,
,,,2.86799991E-6,9.600000381,
,,,2.86999989E-6,9.600000381,
,,,2.87199987E-6,8.800000191,
,,,2.87399985E-6,9.199999809,
,,,2.87599983E-6,9.600000381,
,,,2.87800003E-6,9.600000381,
,,,2.88000001E-6,9.199999809,
,,,2.88199999E-6,9.600000381,
,,,2.88399997E-6,9.600000381,
,,,2.88599995E-6,9.600000381,
,,,2.88799993E-6,9.600000381,
,,,2.88999991E-6,9.600000381,
,,,2.89199988E-6,9.199999809,
,,,2.89399986E-6,9.199999809,
,,,2.89599984E-6,9.600000381,
,,,2.89799982E-6,9.199999809,
,,,2.90000003E-6,9.600000381,
,,,2.90200001E-6,9.199999809,
,,,2.90399998E-6,9.199999809,
,,,2.90599996E-6,9.600000381,
,,,2.90799994E-6,9.199999809,
,,,2.90999992E-6,9.199999809,
,,,2.91199990E-6,8.800000191,
,,,2.91399988E-6,9.199999809,
,,,2.91599986E-6,9.199999809,
,,,2.91799984E-6,9.199999809,
,,,2.92000004E-6,9.199999809,
,,,2.92200002E-6,9.199999809,
,,,2.92400000E-6,9.199999809,
,,,2.92599998E-6,8.800000191,
,,,2.92799996E-6,9.199999809,
,,,2.92999994E-6,9.199999809,
,,,2.93199992E-6,9.199999809,
,,,2.93399989E-6,8.800000191,
,,,2.93599987E-6,9.199999809,
,,,2.93799985E-6,9.199999809,
,,,2.93999983E-6,8.800000191,
,,,2.94200004E-6,8.800000191,
,,,2.94400002E-6,8.800000191,
,,,2.94600000E-6,9.199999809,
,,,2.94799997E-6,9.199999809,
,,,2.94999995E-6,9.199999809,
,,,2.95199993E-6,9.199999809,
,,,2.95399991E-6,9.199999809,
,,,2.95599989E-6,8.800000191,
,,,2.95799987E-6,8.800000191,
,,,2.95999985E-6,8.800000191,
,,,2.96199983E-6,8.800000191,
,,,2.96400003E-6,8.800000191,
,,,2.96600001E-6,8.800000191,
,,,2.96799999E-6,8.800000191,
,,,2.96999997E-6,8.800000191,
,,,2.97199995E-6,8.800000191,
,,,2.97399993E-6,9.199999809,
,,,2.97599991E-6,8.800000191,
,,,2.97799988E-6,8.800000191,
,,,2.97999986E-6,8.800000191,
,,,2.98199984E-6,8.800000191,
,,,2.98399982E-6,8.800000191,
,,,2.98600003E-6,8.800000191,
,,,2.98800001E-6,8.800000191,
,,,2.98999998E-6,8.800000191,
,,,2.99199996E-6,8.800000191,
,,,2.99399994E-6,8.800000191,
,,,2.99599992E-6,8.800000191,
,,,2.99799990E-6,8.400000572,
,,,2.99999988E-6,8.400000572,
,,,3.00199986E-6,8.400000572,
,,,3.00399984E-6,8.400000572,
,,,3.00599982E-6,8.800000191,
,,,3.00800002E-6,8.800000191,
,,,3.01000000E-6,8.400000572,
,,,3.01199998E-6,8.000000000,
,,,3.01399996E-6,8.400000572,
,,,3.01599994E-6,8.400000572,
,,,3.01799992E-6,8.000000000,
,,,3.01999989E-6,8.400000572,
,,,3.02199987E-6,8.400000572,
,,,3.02399985E-6,8.400000572,
,,,3.02599983E-6,8.000000000,
,,,3.02800004E-6,8.000000000,
,,,3.03000002E-6,8.400000572,
,,,3.03200000E-6,8.400000572,
,,,3.03399997E-6,8.400000572,
,,,3.03599995E-6,8.400000572,
,,,3.03799993E-6,8.400000572,
,,,3.03999991E-6,8.000000000,
,,,3.04199989E-6,8.000000000,
,,,3.04399987E-6,8.400000572,
,,,3.04599985E-6,8.000000000,
,,,3.04799983E-6,8.400000572,
,,,3.05000003E-6,8.400000572,
,,,3.05200001E-6,8.000000000,
,,,3.05399999E-6,8.000000000,
,,,3.05599997E-6,8.400000572,
,,,3.05799995E-6,8.000000000,
,,,3.05999993E-6,8.000000000,
,,,3.06199991E-6,8.000000000,
,,,3.06399988E-6,8.000000000,
,,,3.06599986E-6,7.599999905,
,,,3.06799984E-6,8.000000000,
,,,3.06999982E-6,8.000000000,
,,,3.07200003E-6,8.000000000,
,,,3.07400001E-6,8.000000000,
,,,3.07599998E-6,8.000000000,
,,,3.07799996E-6,8.000000000,
,,,3.07999994E-6,8.000000000,
,,,3.08199992E-6,8.000000000,
,,,3.08399990E-6,8.000000000,
,,,3.08599988E-6,8.000000000,
,,,3.08799986E-6,8.000000000,
,,,3.08999984E-6,7.599999905,
,,,3.09199982E-6,7.599999905,
,,,3.09400002E-6,8.000000000,
,,,3.09600000E-6,7.599999905,
,,,3.09799998E-6,8.000000000,
,,,3.09999996E-6,8.000000000,
,,,3.10199994E-6,7.599999905,
,,,3.10399992E-6,8.000000000,
,,,3.10599989E-6,7.20000029,
,,,3.10799987E-6,7.599999905,
,,,3.10999985E-6,7.20000029,
,,,3.11199983E-6,8.000000000,
,,,3.11400004E-6,7.599999905,
,,,3.11600002E-6,7.599999905,
,,,3.11800000E-6,7.599999905,
,,,3.11999997E-6,8.000000000,
,,,3.12199995E-6,8.000000000,
,,,3.12399993E-6,7.599999905,
,,,3.12599991E-6,7.599999905,
,,,3.12799989E-6,8.000000000,
,,,3.12999987E-6,8.000000000,
,,,3.13199985E-6,7.599999905,
,,,3.13399983E-6,7.599999905,
,,,3.13600003E-6,8.000000000,
,,,3.13800001E-6,7.599999905,
,,,3.13999999E-6,7.599999905,
,,,3.14199997E-6,7.599999905,
,,,3.14399995E-6,7.599999905,
,,,3.14599993E-6,7.599999905,
,,,3.14799991E-6,7.599999905,
,,,3.14999988E-6,7.599999905,
,,,3.15199986E-6,7.599999905,
,,,3.15399984E-6,7.599999905,
,,,3.15599982E-6,7.599999905,
,,,3.15800003E-6,7.20000029,
,,,3.16000001E-6,7.20000029,
,,,3.16199998E-6,7.20000029,
,,,3.16399996E-6,7.599999905,
,,,3.16599994E-6,7.20000029,
,,,3.16799992E-6,7.599999905,
,,,3.16999990E-6,7.599999905,
,,,3.17199988E-6,7.599999905,
,,,3.17399986E-6,7.20000029,
,,,3.17599984E-6,7.599999905,
,,,3.17799982E-6,7.20000029,
,,,3.18000002E-6,7.20000029,
,,,3.18200000E-6,7.599999905,
,,,3.18399998E-6,7.599999905,
,,,3.18599996E-6,7.20000029,
,,,3.18799994E-6,7.20000029,
,,,3.18999992E-6,7.20000029,
,,,3.19199989E-6,7.20000029,
,,,3.19399987E-6,6.80000019,
,,,3.19599985E-6,7.20000029,
,,,3.19799983E-6,6.80000019,
,,,3.19999981E-6,6.80000019,
,,,3.20200002E-6,7.20000029,
,,,3.20400000E-6,7.20000029,
,,,3.20599997E-6,7.20000029,
,,,3.20799995E-6,7.20000029,
,,,3.20999993E-6,7.20000029,
,,,3.21199991E-6,6.80000019,
,,,3.21399989E-6,6.80000019,
,,,3.21599987E-6,7.20000029,
,,,3.21799985E-6,6.80000019,
,,,3.21999983E-6,7.20000029,
,,,3.22200003E-6,7.20000029,
,,,3.22400001E-6,6.80000019,
,,,3.22599999E-6,7.20000029,
,,,3.22799997E-6,6.80000019,
,,,3.22999995E-6,7.20000029,
,,,3.23199993E-6,6.80000019,
,,,3.23399991E-6,6.80000019,
,,,3.23599988E-6,6.80000019,
,,,3.23799986E-6,6.80000019,
,,,3.23999984E-6,7.20000029,
,,,3.24199982E-6,7.20000029,
,,,3.24400003E-6,6.80000019,
,,,3.24600001E-6,6.80000019,
,,,3.24799998E-6,6.80000019,
,,,3.24999996E-6,6.80000019,
,,,3.25199994E-6,6.80000019,
,,,3.25399992E-6,6.80000019,
,,,3.25599990E-6,6.40000010,
,,,3.25799988E-6,6.40000010,
,,,3.25999986E-6,6.80000019,
,,,3.26199984E-6,6.80000019,
,,,3.26399982E-6,6.40000010,
,,,3.26600002E-6,6.80000019,
,,,3.26800000E-6,6.40000010,
,,,3.26999998E-6,6.40000010,
,,,3.27199996E-6,6.40000010,
,,,3.27399994E-6,6.80000019,
,,,3.27599992E-6,6.80000019,
,,,3.27799989E-6,6.80000019,
,,,3.27999987E-6,6.80000019,
,,,3.28199985E-6,6.80000019,
,,,3.28399983E-6,6.80000019,
,,,3.28599981E-6,6.80000019,
,,,3.28800002E-6,6.80000019,
,,,3.29000000E-6,6.40000010,
,,,3.29199997E-6,6.80000019,
,,,3.29399995E-6,6.40000010,
,,,3.29599993E-6,6.40000010,
,,,3.29799991E-6,6.40000010,
,,,3.29999989E-6,6.80000019,
,,,3.30199987E-6,6.40000010,
,,,3.30399985E-6,6.40000010,
,,,3.30599983E-6,6.80000019,
,,,3.30800003E-6,6.40000010,
,,,3.31000001E-6,6.40000010,
,,,3.31199999E-6,6.40000010,
,,,3.31399997E-6,6.40000010,
,,,3.31599995E-6,6.80000019,
,,,3.31799993E-6,6.40000010,
,,,3.31999991E-6,6.40000010,
,,,3.32199988E-6,6.40000010,
,,,3.32399986E-6,6.00000000,
,,,3.32599984E-6,6.40000010,
,,,3.32799982E-6,6.40000010,
,,,3.33000003E-6,6.40000010,
,,,3.33200001E-6,6.80000019,
,,,3.33399998E-6,6.40000010,
,,,3.33599996E-6,6.40000010,
,,,3.33799994E-6,6.80000019,
,,,3.33999992E-6,6.40000010,
,,,3.34199990E-6,6.40000010,
,,,3.34399988E-6,6.40000010,
,,,3.34599986E-6,6.40000010,
,,,3.34799984E-6,6.40000010,
,,,3.34999982E-6,6.40000010,
,,,3.35200002E-6,6.40000010,
,,,3.35400000E-6,6.00000000,
,,,3.35599998E-6,6.00000000,
,,,3.35799996E-6,6.40000010,
,,,3.35999994E-6,6.40000010,
,,,3.36199992E-6,6.40000010,
,,,3.36399989E-6,6.00000000,
,,,3.36599987E-6,6.00000000,
,,,3.36799985E-6,6.00000000,
,,,3.36999983E-6,6.00000000,
,,,3.37199981E-6,6.00000000,
,,,3.37400002E-6,6.40000010,
,,,3.37600000E-6,6.00000000,
,,,3.37799997E-6,6.00000000,
,,,3.37999995E-6,6.00000000,
,,,3.38199993E-6,6.40000010,
,,,3.38399991E-6,6.40000010,
,,,3.38599989E-6,6.00000000,
,,,3.38799987E-6,6.00000000,
,,,3.38999985E-6,6.00000000,
,,,3.39199983E-6,6.00000000,
,,,3.39399980E-6,6.00000000,
,,,3.39600001E-6,6.00000000,
,,,3.39799999E-6,6.00000000,
,,,3.39999997E-6,6.00000000,
,,,3.40199995E-6,6.00000000,
,,,3.40399993E-6,5.59999990,
,,,3.40599991E-6,6.00000000,
,,,3.40799988E-6,6.00000000,
,,,3.40999986E-6,6.00000000,
,,,3.41199984E-6,6.00000000,
,,,3.41399982E-6,6.00000000,
,,,3.41600003E-6,6.00000000,
,,,3.41800001E-6,5.59999990,
,,,3.41999998E-6,6.00000000,
,,,3.42199996E-6,5.59999990,
,,,3.42399994E-6,6.00000000,
,,,3.42599992E-6,6.00000000,
,,,3.42799990E-6,6.00000000,
,,,3.42999988E-6,6.00000000,
,,,3.43199986E-6,6.00000000,
,,,3.43399984E-6,5.59999990,
,,,3.43599982E-6,6.00000000,
,,,3.43800002E-6,6.00000000,
,,,3.44000000E-6,6.00000000,
,,,3.44199998E-6,5.59999990,
,,,3.44399996E-6,5.59999990,
,,,3.44599994E-6,5.59999990,
,,,3.44799992E-6,5.59999990,
,,,3.44999989E-6,5.59999990,
,,,3.45199987E-6,6.00000000,
,,,3.45399985E-6,6.00000000,
,,,3.45599983E-6,5.59999990,
,,,3.45799981E-6,5.59999990,
,,,3.46000002E-6,5.59999990,
,,,3.46200000E-6,5.59999990,
,,,3.46399997E-6,5.59999990,
,,,3.46599995E-6,5.20000029,
,,,3.46799993E-6,5.59999990,
,,,3.46999991E-6,5.59999990,
,,,3.47199989E-6,5.59999990,
,,,3.47399987E-6,5.59999990,
,,,3.47599985E-6,6.00000000,
,,,3.47799983E-6,5.59999990,
,,,3.47999980E-6,5.59999990,
,,,3.48200001E-6,5.59999990,
,,,3.48399999E-6,5.59999990,
,,,3.48599997E-6,5.59999990,
,,,3.48799995E-6,5.59999990,
,,,3.48999993E-6,5.59999990,
,,,3.49199991E-6,5.20000029,
,,,3.49399988E-6,5.20000029,
,,,3.49599986E-6,5.20000029,
,,,3.49799984E-6,5.59999990,
,,,3.49999982E-6,5.59999990,
,,,3.50200003E-6,5.59999990,
,,,3.50400001E-6,5.59999990,
,,,3.50599998E-6,5.59999990,
,,,3.50799996E-6,5.59999990,
,,,3.50999994E-6,5.59999990,
,,,3.51199992E-6,5.20000029,
,,,3.51399990E-6,5.59999990,
,,,3.51599988E-6,5.59999990,
,,,3.51799986E-6,5.59999990,
,,,3.51999984E-6,5.59999990,
,,,3.52199982E-6,5.20000029,
,,,3.52400002E-6,5.59999990,
,,,3.52600000E-6,5.20000029,
,,,3.52799998E-6,5.59999990,
,,,3.52999996E-6,5.59999990,
,,,3.53199994E-6,5.59999990,
,,,3.53399992E-6,5.20000029,
,,,3.53599989E-6,5.20000029,
,,,3.53799987E-6,5.59999990,
,,,3.53999985E-6,5.20000029,
,,,3.54199983E-6,5.20000029,
,,,3.54399981E-6,5.20000029,
,,,3.54600002E-6,5.20000029,
,,,3.54800000E-6,5.20000029,
,,,3.54999997E-6,5.20000029,
,,,3.55199995E-6,5.20000029,
,,,3.55399993E-6,5.20000029,
,,,3.55599991E-6,5.20000029,
,,,3.55799989E-6,5.20000029,
,,,3.55999987E-6,5.20000029,
,,,3.56199985E-6,5.20000029,
,,,3.56399983E-6,5.20000029,
,,,3.56599980E-6,5.20000029,
,,,3.56800001E-6,5.20000029,
,,,3.56999999E-6,5.20000029,
,,,3.57199997E-6,5.20000029,
,,,3.57399995E-6,5.20000029,
,,,3.57599993E-6,4.80000019,
,,,3.57799991E-6,5.20000029,
,,,3.57999988E-6,5.20000029,
,,,3.58199986E-6,4.80000019,
,,,3.58399984E-6,5.20000029,
,,,3.58599982E-6,5.20000029,
,,,3.58799980E-6,5.20000029,
,,,3.59000001E-6,4.80000019,
,,,3.59199998E-6,5.59999990,
,,,3.59399996E-6,4.80000019,
,,,3.59599994E-6,5.20000029,
,,,3.59799992E-6,5.20000029,
,,,3.59999990E-6,5.20000029,
,,,3.60199988E-6,4.80000019,
,,,3.60399986E-6,4.80000019,
,,,3.60599984E-6,4.80000019,
,,,3.60799982E-6,5.20000029,
,,,3.61000002E-6,4.80000019,
,,,3.61200000E-6,4.80000019,
,,,3.61399998E-6,4.80000019,
,,,3.61599996E-6,5.20000029,
,,,3.61799994E-6,4.80000019,
,,,3.61999992E-6,4.80000019,
,,,3.62199989E-6,5.20000029,
,,,3.62399987E-6,5.20000029,
,,,3.62599985E-6,5.20000029,
,,,3.62799983E-6,5.20000029,
,,,3.62999981E-6,4.80000019,
,,,3.63200002E-6,4.80000019,
,,,3.63400000E-6,4.80000019,
,,,3.63599997E-6,5.20000029,
,,,3.63799995E-6,5.20000029,
,,,3.63999993E-6,4.80000019,
,,,3.64199991E-6,4.80000019,
,,,3.64399989E-6,4.80000019,
,,,3.64599987E-6,4.40000010,
,,,3.64799985E-6,4.80000019,
,,,3.64999983E-6,4.80000019,
,,,3.65199980E-6,4.80000019,
,,,3.65400001E-6,4.80000019,
,,,3.65599999E-6,4.80000019,
,,,3.65799997E-6,4.80000019,
,,,3.65999995E-6,4.80000019,
,,,3.66199993E-6,4.80000019,
,,,3.66399991E-6,4.40000010,
,,,3.66599988E-6,4.40000010,
,,,3.66799986E-6,4.80000019,
,,,3.66999984E-6,4.80000019,
,,,3.67199982E-6,5.20000029,
,,,3.67399980E-6,4.80000019,
,,,3.67600001E-6,4.80000019,
,,,3.67799998E-6,4.80000019,
,,,3.67999996E-6,4.80000019,
,,,3.68199994E-6,4.80000019,
,,,3.68399992E-6,4.80000019,
,,,3.68599990E-6,4.40000010,
,,,3.68799988E-6,4.80000019,
,,,3.68999986E-6,4.80000019,
,,,3.69199984E-6,4.40000010,
,,,3.69399982E-6,4.40000010,
,,,3.69600002E-6,4.80000019,
,,,3.69800000E-6,4.40000010,
,,,3.69999998E-6,4.40000010,
,,,3.70199996E-6,4.80000019,
,,,3.70399994E-6,4.40000010,
,,,3.70599992E-6,4.80000019,
,,,3.70799989E-6,4.80000019,
,,,3.70999987E-6,4.40000010,
,,,3.71199985E-6,4.40000010,
,,,3.71399983E-6,4.40000010,
,,,3.71599981E-6,4.80000019,
,,,3.71800002E-6,4.40000010,
,,,3.72000000E-6,4.40000010,
,,,3.72199997E-6,4.80000019,
,,,3.72399995E-6,4.40000010,
,,,3.72599993E-6,4.40000010,
,,,3.72799991E-6,4.80000019,
,,,3.72999989E-6,4.40000010,
,,,3.73199987E-6,4.40000010,
,,,3.73399985E-6,4.00000000,
,,,3.73599983E-6,4.40000010,
,,,3.73799980E-6,4.80000019,
,,,3.74000001E-6,4.40000010,
,,,3.74199999E-6,4.40000010,
,,,3.74399997E-6,4.40000010,
,,,3.74599995E-6,4.40000010,
,,,3.74799993E-6,4.40000010,
,,,3.74999991E-6,4.40000010,
,,,3.75199988E-6,4.40000010,
,,,3.75399986E-6,4.40000010,
,,,3.75599984E-6,4.40000010,
,,,3.75799982E-6,4.40000010,
,,,3.75999980E-6,4.40000010,
,,,3.76200001E-6,4.40000010,
,,,3.76399998E-6,4.00000000,
,,,3.76599996E-6,4.40000010,
,,,3.76799994E-6,4.40000010,
,,,3.76999992E-6,4.40000010,
,,,3.77199990E-6,4.40000010,
,,,3.77399988E-6,4.40000010,
,,,3.77599986E-6,4.40000010,
,,,3.77799984E-6,4.40000010,
,,,3.77999982E-6,4.40000010,
,,,3.78199979E-6,4.40000010,
,,,3.78400000E-6,4.00000000,
,,,3.78599998E-6,4.40000010,
,,,3.78799996E-6,4.00000000,
,,,3.78999994E-6,4.40000010,
,,,3.79199992E-6,4.00000000,
,,,3.79399989E-6,4.00000000,
,,,3.79599987E-6,4.00000000,
,,,3.79799985E-6,4.40000010,
,,,3.79999983E-6,4.00000000,
,,,3.80199981E-6,4.40000010,
,,,3.80400002E-6,4.40000010,
,,,3.80600000E-6,4.00000000,
,,,3.80799997E-6,4.40000010,
,,,3.80999995E-6,4.00000000,
,,,3.81199993E-6,4.00000000,
,,,3.81399991E-6,4.40000010,
,,,3.81600012E-6,4.40000010,
,,,3.81800010E-6,4.00000000,
,,,3.82000007E-6,4.40000010,
,,,3.82200005E-6,4.40000010,
,,,3.82400003E-6,4.00000000,
,,,3.82600001E-6,4.40000010,
,,,3.82799999E-6,3.60000014,
,,,3.82999997E-6,4.00000000,
,,,3.83199995E-6,4.00000000,
,,,3.83399993E-6,4.00000000,
,,,3.83599991E-6,4.00000000,
,,,3.83799988E-6,4.00000000,
,,,3.83999986E-6,4.00000000,
,,,3.84199984E-6,4.00000000,
,,,3.84399982E-6,4.00000000,
,,,3.84599980E-6,3.60000014,
,,,3.84799978E-6,4.00000000,
,,,3.84999976E-6,4.00000000,
,,,3.85199974E-6,3.60000014,
,,,3.85399971E-6,4.00000000,
,,,3.85599969E-6,4.00000000,
,,,3.85800013E-6,4.00000000,
,,,3.86000011E-6,4.00000000,
,,,3.86200009E-6,4.00000000,
,,,3.86400006E-6,4.00000000,
,,,3.86600004E-6,4.00000000,
,,,3.86800002E-6,4.00000000,
,,,3.87000000E-6,4.00000000,
,,,3.87199998E-6,4.00000000,
,,,3.87399996E-6,4.00000000,
,,,3.87599994E-6,4.00000000,
,,,3.87799992E-6,4.00000000,
,,,3.87999989E-6,3.60000014,
,,,3.88199987E-6,4.00000000,
,,,3.88399985E-6,3.60000014,
,,,3.88599983E-6,4.00000000,
,,,3.88799981E-6,3.60000014,
,,,3.88999979E-6,3.60000014,
,,,3.89199977E-6,3.60000014,
,,,3.89399975E-6,3.60000014,
,,,3.89599973E-6,3.60000014,
,,,3.89799970E-6,3.60000014,
,,,3.89999968E-6,3.60000014,
,,,3.90200012E-6,4.00000000,
,,,3.90400010E-6,4.00000000,
,,,3.90600007E-6,4.00000000,
,,,3.90800005E-6,3.60000014,
,,,3.91000003E-6,3.60000014,
,,,3.91200001E-6,3.60000014,
,,,3.91399999E-6,4.00000000,
,,,3.91599997E-6,3.60000014,
,,,3.91799995E-6,3.60000014,
,,,3.91999993E-6,3.60000014,
,,,3.92199991E-6,3.60000014,
,,,3.92399988E-6,3.60000014,
,,,3.92599986E-6,3.60000014,
,,,3.92799984E-6,3.60000014,
,,,3.92999982E-6,3.60000014,
,,,3.93199980E-6,3.60000014,
,,,3.93399978E-6,3.60000014,
,,,3.93599976E-6,4.00000000,
,,,3.93799974E-6,3.60000014,
,,,3.93999971E-6,3.60000014,
,,,3.94199969E-6,3.60000014,
,,,3.94400013E-6,3.60000014,
,,,3.94600011E-6,3.60000014,
,,,3.94800009E-6,3.60000014,
,,,3.95000006E-6,3.60000014,
,,,3.95200004E-6,3.60000014,
,,,3.95400002E-6,3.60000014,
,,,3.95600000E-6,3.60000014,
,,,3.95799998E-6,3.60000014,
,,,3.95999996E-6,3.20000005,
,,,3.96199994E-6,3.20000005,
,,,3.96399992E-6,3.60000014,
,,,3.96599989E-6,3.60000014,
,,,3.96799987E-6,4.00000000,
,,,3.96999985E-6,3.60000014,
,,,3.97199983E-6,4.00000000,
,,,3.97399981E-6,3.60000014,
,,,3.97599979E-6,3.60000014,
,,,3.97799977E-6,3.60000014,
,,,3.97999975E-6,3.60000014,
,,,3.98199973E-6,3.20000005,
,,,3.98399970E-6,3.60000014,
,,,3.98599968E-6,3.20000005,
,,,3.98800012E-6,3.60000014,
,,,3.99000010E-6,3.20000005,
,,,3.99200007E-6,3.60000014,
,,,3.99400005E-6,3.60000014,
,,,3.99600003E-6,3.20000005,
,,,3.99800001E-6,3.20000005,
,,,3.99999999E-6,3.60000014,
,,,4.00199997E-6,3.60000014,
,,,4.00399995E-6,3.60000014,
,,,4.00599993E-6,3.60000014,
,,,4.00799991E-6,3.60000014,
,,,4.00999988E-6,3.60000014,
,,,4.01199986E-6,3.60000014,
,,,4.01399984E-6,3.60000014,
,,,4.01599982E-6,3.20000005,
,,,4.01799980E-6,3.20000005,
,,,4.01999978E-6,3.20000005,
,,,4.02199976E-6,3.20000005,
,,,4.02399974E-6,3.20000005,
,,,4.02599971E-6,3.60000014,
,,,4.02799969E-6,3.20000005,
,,,4.02999967E-6,3.20000005,
,,,4.03200011E-6,3.20000005,
,,,4.03400009E-6,3.60000014,
,,,4.03600006E-6,3.20000005,
,,,4.03800004E-6,3.60000014,
,,,4.04000002E-6,3.60000014,
,,,4.04200000E-6,3.20000005,
,,,4.04399998E-6,3.20000005,
,,,4.04599996E-6,3.20000005,
,,,4.04799994E-6,3.20000005,
,,,4.04999992E-6,3.20000005,
,,,4.05199989E-6,3.20000005,
,,,4.05399987E-6,3.20000005,
,,,4.05599985E-6,3.20000005,
,,,4.05799983E-6,3.20000005,
,,,4.05999981E-6,3.20000005,
,,,4.06199979E-6,3.20000005,
,,,4.06399977E-6,3.20000005,
,,,4.06599975E-6,3.60000014,
,,,4.06799973E-6,3.60000014,
,,,4.06999970E-6,3.20000005,
,,,4.07199968E-6,3.20000005,
,,,4.07400012E-6,3.20000005,
,,,4.07600010E-6,3.20000005,
,,,4.07800007E-6,3.60000014,
,,,4.08000005E-6,3.20000005,
,,,4.08200003E-6,3.20000005,
,,,4.08400001E-6,3.20000005,
,,,4.08599999E-6,3.20000005,
,,,4.08799997E-6,2.79999995,
,,,4.08999995E-6,3.20000005,
,,,4.09199993E-6,3.20000005,
,,,4.09399991E-6,3.20000005,
,,,4.09599988E-6,2.79999995,
,,,4.09799986E-6,3.20000005,
,,,4.09999984E-6,3.20000005,
,,,4.10199982E-6,3.20000005,
,,,4.10399980E-6,3.20000005,
,,,4.10599978E-6,2.79999995,
,,,4.10799976E-6,2.79999995,
,,,4.10999974E-6,3.20000005,
,,,4.11199971E-6,3.20000005,
,,,4.11399969E-6,3.20000005,
,,,4.11599967E-6,2.79999995,
,,,4.11800011E-6,3.20000005,
,,,4.12000009E-6,3.20000005,
,,,4.12200006E-6,3.20000005,
,,,4.12400004E-6,3.20000005,
,,,4.12600002E-6,2.79999995,
,,,4.12800000E-6,2.79999995,
,,,4.12999998E-6,2.79999995,
,,,4.13199996E-6,2.79999995,
,,,4.13399994E-6,2.79999995,
,,,4.13599992E-6,3.20000005,
,,,4.13799989E-6,3.20000005,
,,,4.13999987E-6,3.20000005,
,,,4.14199985E-6,3.20000005,
,,,4.14399983E-6,2.79999995,
,,,4.14599981E-6,2.79999995,
,,,4.14799979E-6,2.79999995,
,,,4.14999977E-6,3.20000005,
,,,4.15199975E-6,3.20000005,
,,,4.15399973E-6,2.79999995,
,,,4.15599970E-6,2.79999995,
,,,4.15799968E-6,3.20000005,
,,,4.16000012E-6,2.79999995,
,,,4.16200010E-6,2.79999995,
,,,4.16400007E-6,3.20000005,
,,,4.16600005E-6,2.79999995,
,,,4.16800003E-6,2.79999995,
,,,4.17000001E-6,3.20000005,
,,,4.17199999E-6,3.20000005,
,,,4.17399997E-6,2.79999995,
,,,4.17599995E-6,2.79999995,
,,,4.17799993E-6,3.20000005,
,,,4.17999991E-6,2.79999995,
,,,4.18199988E-6,2.79999995,
,,,4.18399986E-6,2.79999995,
,,,4.18599984E-6,2.79999995,
,,,4.18799982E-6,2.79999995,
,,,4.18999980E-6,2.79999995,
,,,4.19199978E-6,2.4000001,
,,,4.19399976E-6,3.20000005,
,,,4.19599974E-6,2.79999995,
,,,4.19799971E-6,2.79999995,
,,,4.19999969E-6,2.79999995,
,,,4.20199967E-6,2.79999995,
,,,4.20400011E-6,2.4000001,
,,,4.20600009E-6,2.79999995,
,,,4.20800006E-6,2.79999995,
,,,4.21000004E-6,2.79999995,
,,,4.21200002E-6,2.79999995,
,,,4.21400000E-6,2.4000001,
,,,4.21599998E-6,2.79999995,
,,,4.21799996E-6,2.79999995,
,,,4.21999994E-6,2.79999995,
,,,4.22199992E-6,2.79999995,
,,,4.22399989E-6,2.79999995,
,,,4.22599987E-6,2.4000001,
,,,4.22799985E-6,2.79999995,
,,,4.22999983E-6,2.79999995,
,,,4.23199981E-6,2.4000001,
,,,4.23399979E-6,2.4000001,
,,,4.23599977E-6,2.4000001,
,,,4.23799975E-6,2.4000001,
,,,4.23999973E-6,2.79999995,
,,,4.24199970E-6,2.4000001,
,,,4.24399968E-6,2.79999995,
,,,4.24600012E-6,2.4000001,
,,,4.24800010E-6,2.4000001,
,,,4.25000007E-6,2.79999995,
,,,4.25200005E-6,2.4000001,
,,,4.25400003E-6,2.4000001,
,,,4.25600001E-6,2.79999995,
,,,4.25799999E-6,2.4000001,
,,,4.25999997E-6,2.4000001,
,,,4.26199995E-6,2.79999995,
,,,4.26399993E-6,2.79999995,
,,,4.26599991E-6,2.79999995,
,,,4.26799988E-6,2.4000001,
,,,4.26999986E-6,2.4000001,
,,,4.27199984E-6,2.4000001,
,,,4.27399982E-6,2.4000001,
,,,4.27599980E-6,2.4000001,
,,,4.27799978E-6,2.79999995,
,,,4.27999976E-6,2.79999995,
,,,4.28199974E-6,2.4000001,
,,,4.28399971E-6,2.4000001,
,,,4.28599969E-6,2.4000001,
,,,4.28799967E-6,2.4000001,
,,,4.29000011E-6,2.4000001,
,,,4.29200009E-6,2.4000001,
,,,4.29400006E-6,2.4000001,
,,,4.29600004E-6,2.4000001,
,,,4.29800002E-6,2.4000001,
,,,4.30000000E-6,2.4000001,
,,,4.30199998E-6,2.4000001,
,,,4.30399996E-6,2.4000001,
,,,4.30599994E-6,2.4000001,
,,,4.30799992E-6,2.79999995,
,,,4.30999989E-6,2.4000001,
,,,4.31199987E-6,2.79999995,
,,,4.31399985E-6,2.4000001,
,,,4.31599983E-6,2.79999995,
,,,4.31799981E-6,2.4000001,
,,,4.31999979E-6,2.4000001,
,,,4.32199977E-6,2.4000001,
,,,4.32399975E-6,2.0000000,
,,,4.32599973E-6,2.4000001,
,,,4.32799970E-6,2.0000000,
,,,4.32999968E-6,2.4000001,
,,,4.33200012E-6,2.4000001,
,,,4.33400010E-6,2.0000000,
,,,4.33600007E-6,2.4000001,
,,,4.33800005E-6,2.4000001,
,,,4.34000003E-6,2.4000001,
,,,4.34200001E-6,2.0000000,
,,,4.34399999E-6,2.4000001,
,,,4.34599997E-6,2.0000000,
,,,4.34799995E-6,2.4000001,
,,,4.34999993E-6,2.79999995,
,,,4.35199991E-6,2.4000001,
,,,4.35399988E-6,2.0000000,
,,,4.35599986E-6,2.0000000,
,,,4.35799984E-6,2.4000001,
,,,4.35999982E-6,2.0000000,
,,,4.36199980E-6,2.4000001,
,,,4.36399978E-6,2.4000001,
,,,4.36599976E-6,2.4000001,
,,,4.36799974E-6,2.4000001,
,,,4.36999971E-6,2.4000001,
,,,4.37199969E-6,2.4000001,
,,,4.37399967E-6,2.0000000,
,,,4.37600011E-6,2.4000001,
,,,4.37800009E-6,2.0000000,
,,,4.38000006E-6,2.0000000,
,,,4.38200004E-6,2.0000000,
,,,4.38400002E-6,2.4000001,
,,,4.38600000E-6,2.4000001,
,,,4.38799998E-6,2.4000001,
,,,4.38999996E-6,2.4000001,
,,,4.39199994E-6,2.4000001,
,,,4.39399992E-6,2.0000000,
,,,4.39599989E-6,2.0000000,
,,,4.39799987E-6,2.0000000,
,,,4.39999985E-6,2.4000001,
,,,4.40199983E-6,2.0000000,
,,,4.40399981E-6,2.4000001,
,,,4.40599979E-6,2.0000000,
,,,4.40799977E-6,2.0000000,
,,,4.40999975E-6,2.0000000,
,,,4.41199973E-6,2.0000000,
,,,4.41399970E-6,2.4000001,
,,,4.41599968E-6,2.4000001,
,,,4.41799966E-6,2.0000000,
,,,4.42000010E-6,2.4000001,
,,,4.42200007E-6,2.0000000,
,,,4.42400005E-6,2.0000000,
,,,4.42600003E-6,2.0000000,
,,,4.42800001E-6,2.4000001,
,,,4.42999999E-6,2.4000001,
,,,4.43199997E-6,2.0000000,
,,,4.43399995E-6,2.0000000,
,,,4.43599993E-6,2.0000000,
,,,4.43799991E-6,2.0000000,
,,,4.43999988E-6,2.0000000,
,,,4.44199986E-6,2.0000000,
,,,4.44399984E-6,2.0000000,
,,,4.44599982E-6,2.0000000,
,,,4.44799980E-6,1.6000000,
,,,4.44999978E-6,2.0000000,
,,,4.45199976E-6,2.0000000,
,,,4.45399974E-6,2.0000000,
,,,4.45599971E-6,1.6000000,
,,,4.45799969E-6,2.0000000,
,,,4.45999967E-6,2.0000000,
,,,4.46200011E-6,2.0000000,
,,,4.46400009E-6,2.0000000,
,,,4.46600006E-6,2.0000000,
,,,4.46800004E-6,1.6000000,
,,,4.47000002E-6,2.0000000,
,,,4.47200000E-6,2.0000000,
,,,4.47399998E-6,2.0000000,
,,,4.47599996E-6,2.0000000,
,,,4.47799994E-6,1.6000000,
,,,4.47999992E-6,2.0000000,
,,,4.48199989E-6,2.0000000,
,,,4.48399987E-6,1.6000000,
,,,4.48599985E-6,2.0000000,
,,,4.48799983E-6,2.0000000,
,,,4.48999981E-6,2.0000000,
,,,4.49199979E-6,2.0000000,
,,,4.49399977E-6,2.0000000,
,,,4.49599975E-6,2.0000000,
,,,4.49799973E-6,2.0000000,
,,,4.49999970E-6,2.0000000,
,,,4.50199968E-6,1.6000000,
,,,4.50399966E-6,2.0000000,
,,,4.50600010E-6,2.0000000,
,,,4.50800007E-6,2.0000000,
,,,4.51000005E-6,1.6000000,
,,,4.51200003E-6,1.6000000,
,,,4.51400001E-6,2.0000000,
,,,4.51599999E-6,2.0000000,
,,,4.51799997E-6,1.6000000,
,,,4.51999995E-6,1.6000000,
,,,4.52199993E-6,1.6000000,
,,,4.52399991E-6,1.6000000,
,,,4.52599988E-6,1.6000000,
,,,4.52799986E-6,1.6000000,
,,,4.52999984E-6,1.6000000,
,,,4.53199982E-6,1.6000000,
,,,4.53399980E-6,1.6000000,
,,,4.53599978E-6,1.6000000,
,,,4.53799976E-6,1.6000000,
,,,4.53999974E-6,2.0000000,
,,,4.54199972E-6,2.0000000,
,,,4.54399969E-6,1.6000000,
,,,4.54599967E-6,1.6000000,
,,,4.54800011E-6,2.0000000,
,,,4.55000009E-6,1.6000000,
,,,4.55200006E-6,1.6000000,
,,,4.55400004E-6,1.6000000,
,,,4.55600002E-6,1.6000000,
,,,4.55800000E-6,2.0000000,
,,,4.55999998E-6,1.6000000,
,,,4.56199996E-6,2.0000000,
,,,4.56399994E-6,1.6000000,
,,,4.56599992E-6,1.6000000,
,,,4.56799989E-6,1.6000000,
,,,4.56999987E-6,1.6000000,
,,,4.57199985E-6,1.6000000,
,,,4.57399983E-6,1.6000000,
,,,4.57599981E-6,1.6000000,
,,,4.57799979E-6,1.6000000,
,,,4.57999977E-6,1.6000000,
,,,4.58199975E-6,1.2000000,
,,,4.58399973E-6,1.6000000,
,,,4.58599970E-6,1.6000000,
,,,4.58799968E-6,1.6000000,
,,,4.58999966E-6,1.6000000,
,,,4.59200010E-6,1.2000000,
,,,4.59400007E-6,1.6000000,
,,,4.59600005E-6,1.6000000,
,,,4.59800003E-6,1.6000000,
,,,4.60000001E-6,2.0000000,
,,,4.60199999E-6,1.2000000,
,,,4.60399997E-6,1.6000000,
,,,4.60599995E-6,1.6000000,
,,,4.60799993E-6,1.2000000,
,,,4.60999991E-6,1.6000000,
,,,4.61199988E-6,1.6000000,
,,,4.61399986E-6,1.6000000,
,,,4.61599984E-6,1.6000000,
,,,4.61799982E-6,1.6000000,
,,,4.61999980E-6,1.6000000,
,,,4.62199978E-6,1.6000000,
,,,4.62399976E-6,1.6000000,
,,,4.62599974E-6,1.6000000,
,,,4.62799972E-6,1.6000000,
,,,4.62999969E-6,1.6000000,
,,,4.63199967E-6,1.6000000,
,,,4.63400011E-6,1.6000000,
,,,4.63600009E-6,1.6000000,
,,,4.63800006E-6,1.2000000,
,,,4.64000004E-6,1.6000000,
,,,4.64200002E-6,1.2000000,
,,,4.64400000E-6,1.2000000,
,,,4.64599998E-6,1.6000000,
,,,4.64799996E-6,1.2000000,
,,,4.64999994E-6,1.2000000,
,,,4.65199992E-6,1.6000000,
,,,4.65399989E-6,1.2000000,
,,,4.65599987E-6,1.2000000,
,,,4.65799985E-6,1.6000000,
,,,4.65999983E-6,1.2000000,
,,,4.66199981E-6,1.2000000,
,,,4.66399979E-6,1.6000000,
,,,4.66599977E-6,1.2000000,
,,,4.66799975E-6,1.2000000,
,,,4.66999973E-6,1.6000000,
,,,4.67199970E-6,1.2000000,
,,,4.67399968E-6,1.2000000,
,,,4.67599966E-6,1.2000000,
,,,4.67800010E-6,1.6000000,
,,,4.68000007E-6,1.2000000,
,,,4.68200005E-6,1.2000000,
,,,4.68400003E-6,1.2000000,
,,,4.68600001E-6,1.2000000,
,,,4.68799999E-6,1.2000000,
,,,4.68999997E-6,1.2000000,
,,,4.69199995E-6,1.2000000,
,,,4.69399993E-6,2.0000000,
,,,4.69599991E-6,1.2000000,
,,,4.69799988E-6,1.2000000,
,,,4.69999986E-6,1.6000000,
,,,4.70199984E-6,1.2000000,
,,,4.70399982E-6,1.2000000,
,,,4.70599980E-6,1.6000000,
,,,4.70799978E-6,1.6000000,
,,,4.70999976E-6,1.2000000,
,,,4.71199974E-6,1.6000000,
,,,4.71399972E-6,1.2000000,
,,,4.71599969E-6,1.2000000,
,,,4.71799967E-6,1.2000000,
,,,4.72000011E-6,1.2000000,
,,,4.72200009E-6,1.2000000,
,,,4.72400006E-6,800.000011921E-3,
,,,4.72600004E-6,1.2000000,
,,,4.72800002E-6,1.2000000,
,,,4.73000000E-6,1.2000000,
,,,4.73199998E-6,1.2000000,
,,,4.73399996E-6,1.2000000,
,,,4.73599994E-6,1.6000000,
,,,4.73799992E-6,800.000011921E-3,
,,,4.73999989E-6,1.2000000,
,,,4.74199987E-6,1.2000000,
,,,4.74399985E-6,1.2000000,
,,,4.74599983E-6,1.6000000,
,,,4.74799981E-6,1.2000000,
,,,4.74999979E-6,1.2000000,
,,,4.75199977E-6,1.2000000,
,,,4.75399975E-6,1.2000000,
,,,4.75599973E-6,1.2000000,
,,,4.75799970E-6,1.2000000,
,,,4.75999968E-6,800.000011921E-3,
,,,4.76199966E-6,800.000011921E-3,
,,,4.76400010E-6,1.2000000,
,,,4.76600007E-6,800.000011921E-3,
,,,4.76800005E-6,1.2000000,
,,,4.77000003E-6,1.2000000,
,,,4.77200001E-6,1.2000000,
,,,4.77399999E-6,1.2000000,
,,,4.77599997E-6,1.2000000,
,,,4.77799995E-6,1.2000000,
,,,4.77999993E-6,1.2000000,
,,,4.78199991E-6,800.000011921E-3,
,,,4.78399988E-6,1.2000000,
,,,4.78599986E-6,1.2000000,
,,,4.78799984E-6,1.2000000,
,,,4.78999982E-6,800.000011921E-3,
,,,4.79199980E-6,800.000011921E-3,
,,,4.79399978E-6,1.2000000,
,,,4.79599976E-6,800.000011921E-3,
,,,4.79799974E-6,1.2000000,
,,,4.79999972E-6,800.000011921E-3,
,,,4.80199969E-6,800.000011921E-3,
,,,4.80399967E-6,800.000011921E-3,
,,,4.80599965E-6,800.000011921E-3,
,,,4.80800009E-6,800.000011921E-3,
,,,4.81000006E-6,1.2000000,
,,,4.81200004E-6,1.2000000,
,,,4.81400002E-6,800.000011921E-3,
,,,4.81600000E-6,800.000011921E-3,
,,,4.81799998E-6,800.000011921E-3,
,,,4.81999996E-6,800.000011921E-3,
,,,4.82199994E-6,800.000011921E-3,
,,,4.82399992E-6,800.000011921E-3,
,,,4.82599989E-6,1.2000000,
,,,4.82799987E-6,1.2000000,
,,,4.82999985E-6,800.000011921E-3,
,,,4.83199983E-6,1.2000000,
,,,4.83399981E-6,800.000011921E-3,
,,,4.83599979E-6,800.000011921E-3,
,,,4.83799977E-6,800.000011921E-3,
,,,4.83999975E-6,1.2000000,
,,,4.84199973E-6,1.2000000,
,,,4.84399970E-6,800.000011921E-3,
,,,4.84599968E-6,800.000011921E-3,
,,,4.84799966E-6,800.000011921E-3,
,,,4.85000010E-6,800.000011921E-3,
,,,4.85200007E-6,800.000011921E-3,
,,,4.85400005E-6,800.000011921E-3,
,,,4.85600003E-6,800.000011921E-3,
,,,4.85800001E-6,800.000011921E-3,
,,,4.85999999E-6,400.00000596E-3,
,,,4.86199997E-6,800.000011921E-3,
,,,4.86399995E-6,800.000011921E-3,
,,,4.86599993E-6,800.000011921E-3,
,,,4.86799991E-6,800.000011921E-3,
,,,4.86999988E-6,800.000011921E-3,
,,,4.87199986E-6,800.000011921E-3,
,,,4.87399984E-6,800.000011921E-3,
,,,4.87599982E-6,800.000011921E-3,
,,,4.87799980E-6,800.000011921E-3,
,,,4.87999978E-6,800.000011921E-3,
,,,4.88199976E-6,800.000011921E-3,
,,,4.88399974E-6,800.000011921E-3,
,,,4.88599972E-6,800.000011921E-3,
,,,4.88799969E-6,800.000011921E-3,
,,,4.88999967E-6,800.000011921E-3,
,,,4.89199965E-6,800.000011921E-3,
,,,4.89400009E-6,400.00000596E-3,
,,,4.89600006E-6,400.00000596E-3,
,,,4.89800004E-6,800.000011921E-3,
,,,4.90000002E-6,800.000011921E-3,
,,,4.90200000E-6,800.000011921E-3,
,,,4.90399998E-6,800.000011921E-3,
,,,4.90599996E-6,400.00000596E-3,
,,,4.90799994E-6,400.00000596E-3,
,,,4.90999992E-6,800.000011921E-3,
,,,4.91199989E-6,800.000011921E-3,
,,,4.91399987E-6,800.000011921E-3,
,,,4.91599985E-6,1.2000000,
,,,4.91799983E-6,800.000011921E-3,
,,,4.91999981E-6,800.000011921E-3,
,,,4.92199979E-6,800.000011921E-3,
,,,4.92399977E-6,800.000011921E-3,
,,,4.92599975E-6,800.000011921E-3,
,,,4.92799973E-6,800.000011921E-3,
,,,4.92999970E-6,800.000011921E-3,
,,,4.93199968E-6,400.00000596E-3,
,,,4.93399966E-6,400.00000596E-3,
,,,4.93600010E-6,400.00000596E-3,
,,,4.93800007E-6,800.000011921E-3,
,,,4.94000005E-6,400.00000596E-3,
,,,4.94200003E-6,800.000011921E-3,
,,,4.94400001E-6,800.000011921E-3,
,,,4.94599999E-6,800.000011921E-3,
,,,4.94799997E-6,400.00000596E-3,
,,,4.94999995E-6,800.000011921E-3,
,,,4.95199993E-6,400.00000596E-3,
,,,4.95399991E-6,400.00000596E-3,
,,,4.95599988E-6,400.00000596E-3,
,,,4.95799986E-6,400.00000596E-3,
,,,4.95999984E-6,400.00000596E-3,
,,,4.96199982E-6,400.00000596E-3,
,,,4.96399980E-6,400.00000596E-3,
,,,4.96599978E-6,800.000011921E-3,
,,,4.96799976E-6,800.000011921E-3,
,,,4.96999974E-6,400.00000596E-3,
,,,4.97199972E-6,400.00000596E-3,
,,,4.97399969E-6,800.000011921E-3,
,,,4.97599967E-6,800.000011921E-3,
,,,4.97799965E-6,400.00000596E-3,
,,,4.98000009E-6,800.000011921E-3,
,,,4.98200006E-6,400.00000596E-3,
,,,4.98400004E-6,400.00000596E-3,
,,,4.98600002E-6,400.00000596E-3,
,,,4.98800000E-6,400.00000596E-3,
,,,4.98999998E-6,400.00000596E-3,
,,,4.99199996E-6,400.00000596E-3,
,,,4.99399994E-6,400.00000596E-3,
,,,4.99599992E-6,400.00000596E-3,
,,,4.99799989E-6,400.00000596E-3,
,,,4.99999987E-6,400.00000596E-3,
,,,5.00199985E-6,400.00000596E-3,
,,,5.00399983E-6,400.00000596E-3,
,,,5.00599981E-6,400.00000596E-3,
,,,5.00799979E-6,400.00000596E-3,
,,,5.00999977E-6,400.00000596E-3,
,,,5.01199975E-6,400.00000596E-3,
,,,5.01399973E-6,0.0,
,,,5.01599970E-6,400.00000596E-3,
,,,5.01799968E-6,400.00000596E-3,
,,,5.01999966E-6,400.00000596E-3,
,,,5.02200010E-6,400.00000596E-3,
,,,5.02400007E-6,400.00000596E-3,
,,,5.02600005E-6,400.00000596E-3,
,,,5.02800003E-6,400.00000596E-3,
,,,5.03000001E-6,400.00000596E-3,
,,,5.03199999E-6,400.00000596E-3,
,,,5.03399997E-6,0.0,
,,,5.03599995E-6,400.00000596E-3,
,,,5.03799993E-6,0.0,
,,,5.03999991E-6,400.00000596E-3,
,,,5.04199988E-6,400.00000596E-3,
,,,5.04399986E-6,400.00000596E-3,
,,,5.04599984E-6,400.00000596E-3,
,,,5.04799982E-6,400.00000596E-3,
,,,5.04999980E-6,0.0,
,,,5.05199978E-6,0.0,
,,,5.05399976E-6,0.0,
,,,5.05599974E-6,400.00000596E-3,
,,,5.05799972E-6,400.00000596E-3,
,,,5.05999969E-6,400.00000596E-3,
,,,5.06199967E-6,0.0,
,,,5.06399965E-6,400.00000596E-3,
,,,5.06600009E-6,400.00000596E-3,
,,,5.06800006E-6,400.00000596E-3,
,,,5.07000004E-6,800.000011921E-3,
,,,5.07200002E-6,0.0,
,,,5.07400000E-6,400.00000596E-3,
,,,5.07599998E-6,400.00000596E-3,
,,,5.07799996E-6,0.0,
,,,5.07999994E-6,0.0,
,,,5.08199992E-6,0.0,
,,,5.08399989E-6,0.0,
,,,5.08599987E-6,400.00000596E-3,
,,,5.08799985E-6,400.00000596E-3,
,,,5.08999983E-6,0.0,
,,,5.09199981E-6,0.0,
,,,5.09399979E-6,0.0,
,,,5.09599977E-6,400.00000596E-3,
,,,5.09799975E-6,0.0,
,,,5.09999973E-6,0.0,
,,,5.10199970E-6,400.00000596E-3,
,,,5.10399968E-6,0.0,
,,,5.10599966E-6,0.0,
,,,5.10799964E-6,400.00000596E-3,
,,,5.11000007E-6,0.0,
,,,5.11200005E-6,0.0,
,,,5.11400003E-6,400.00000596E-3,
,,,5.11600001E-6,0.0,
,,,5.11799999E-6,0.0,
,,,5.11999997E-6,0.0,
,,,5.12199995E-6,0.0,
,,,5.12399993E-6,400.00000596E-3,
,,,5.12599991E-6,-400.00000596E-3,
,,,5.12799988E-6,0.0,
,,,5.12999986E-6,0.0,
,,,5.13199984E-6,0.0,
,,,5.13399982E-6,0.0,
,,,5.13599980E-6,0.0,
,,,5.13799978E-6,0.0,
,,,5.13999976E-6,400.00000596E-3,
,,,5.14199974E-6,0.0,
,,,5.14399972E-6,0.0,
,,,5.14599969E-6,0.0,
,,,5.14799967E-6,400.00000596E-3,
,,,5.14999965E-6,0.0,
,,,5.15200009E-6,400.00000596E-3,
,,,5.15400006E-6,0.0,
,,,5.15600004E-6,0.0,
,,,5.15800002E-6,0.0,
,,,5.16000000E-6,0.0,
,,,5.16199998E-6,0.0,
,,,5.16399996E-6,0.0,
,,,5.16599994E-6,400.00000596E-3,
,,,5.16799992E-6,0.0,
,,,5.16999989E-6,-400.00000596E-3,
,,,5.17199987E-6,0.0,
,,,5.17399985E-6,-400.00000596E-3,
,,,5.17599983E-6,0.0,
,,,5.17799981E-6,-400.00000596E-3,
,,,5.17999979E-6,0.0,
,,,5.18199977E-6,-400.00000596E-3,
,,,5.18399975E-6,0.0,
,,,5.18599973E-6,0.0,
,,,5.18799970E-6,-400.00000596E-3,
,,,5.18999968E-6,0.0,
,,,5.19199966E-6,400.00000596E-3,
,,,5.19399964E-6,-400.00000596E-3,
,,,5.19600007E-6,-400.00000596E-3,
,,,5.19800005E-6,0.0,
,,,5.20000003E-6,0.0,
,,,5.20200001E-6,0.0,
,,,5.20399999E-6,0.0,
,,,5.20599997E-6,0.0,
,,,5.20799995E-6,0.0,
,,,5.20999993E-6,0.0,
,,,5.21199991E-6,-400.00000596E-3,
,,,5.21399988E-6,-400.00000596E-3,
,,,5.21599986E-6,-400.00000596E-3,
,,,5.21799984E-6,-400.00000596E-3,
,,,5.21999982E-6,-400.00000596E-3,
,,,5.22199980E-6,0.0,
,,,5.22399978E-6,-400.00000596E-3,
,,,5.22599976E-6,0.0,
,,,5.22799974E-6,-400.00000596E-3,
,,,5.22999972E-6,-400.00000596E-3,
,,,5.23199969E-6,-800.000011921E-3,
,,,5.23399967E-6,-400.00000596E-3,
,,,5.23599965E-6,-800.000011921E-3,
,,,5.23800009E-6,-400.00000596E-3,
,,,5.24000006E-6,-400.00000596E-3,
,,,5.24200004E-6,-400.00000596E-3,
,,,5.24400002E-6,-400.00000596E-3,
,,,5.24600000E-6,-400.00000596E-3,
,,,5.24799998E-6,-400.00000596E-3,
,,,5.24999996E-6,-400.00000596E-3,
,,,5.25199994E-6,-400.00000596E-3,
,,,5.25399992E-6,-400.00000596E-3,
,,,5.25599989E-6,-400.00000596E-3,
,,,5.25799987E-6,-400.00000596E-3,
,,,5.25999985E-6,-400.00000596E-3,
,,,5.26199983E-6,-400.00000596E-3,
,,,5.26399981E-6,-400.00000596E-3,
,,,5.26599979E-6,-400.00000596E-3,
,,,5.26799977E-6,-400.00000596E-3,
,,,5.26999975E-6,-400.00000596E-3,
,,,5.27199973E-6,-400.00000596E-3,
,,,5.27399970E-6,0.0,
,,,5.27599968E-6,-400.00000596E-3,
,,,5.27799966E-6,-400.00000596E-3,
,,,5.27999964E-6,-400.00000596E-3,
,,,5.28200007E-6,-400.00000596E-3,
,,,5.28400005E-6,-800.000011921E-3,
,,,5.28600003E-6,-400.00000596E-3,
,,,5.28800001E-6,-400.00000596E-3,
,,,5.28999999E-6,-400.00000596E-3,
,,,5.29199997E-6,-400.00000596E-3,
,,,5.29399995E-6,-400.00000596E-3,
,,,5.29599993E-6,-400.00000596E-3,
,,,5.29799991E-6,-400.00000596E-3,
,,,5.29999988E-6,-400.00000596E-3,
,,,5.30199986E-6,-400.00000596E-3,
,,,5.30399984E-6,-400.00000596E-3,
,,,5.30599982E-6,-400.00000596E-3,
,,,5.30799980E-6,-400.00000596E-3,
,,,5.30999978E-6,-400.00000596E-3,
,,,5.31199976E-6,-400.00000596E-3,
,,,5.31399974E-6,-400.00000596E-3,
,,,5.31599972E-6,-400.00000596E-3,
,,,5.31799969E-6,-400.00000596E-3,
,,,5.31999967E-6,-400.00000596E-3,
,,,5.32199965E-6,-400.00000596E-3,
,,,5.32400009E-6,-400.00000596E-3,
,,,5.32600006E-6,-800.000011921E-3,
,,,5.32800004E-6,-400.00000596E-3,
,,,5.33000002E-6,-400.00000596E-3,
,,,5.33200000E-6,-400.00000596E-3,
,,,5.33399998E-6,-800.000011921E-3,
,,,5.33599996E-6,-400.00000596E-3,
,,,5.33799994E-6,-400.00000596E-3,
,,,5.33999992E-6,-400.00000596E-3,
,,,5.34199989E-6,-800.000011921E-3,
,,,5.34399987E-6,-800.000011921E-3,
,,,5.34599985E-6,-800.000011921E-3,
,,,5.34799983E-6,-400.00000596E-3,
,,,5.34999981E-6,-800.000011921E-3,
,,,5.35199979E-6,-400.00000596E-3,
,,,5.35399977E-6,-1.2000000,
,,,5.35599975E-6,-400.00000596E-3,
,,,5.35799973E-6,-800.000011921E-3,
,,,5.35999970E-6,-800.000011921E-3,
,,,5.36199968E-6,-400.00000596E-3,
,,,5.36399966E-6,-400.00000596E-3,
,,,5.36599964E-6,-400.00000596E-3,
,,,5.36800007E-6,-800.000011921E-3,
,,,5.37000005E-6,-400.00000596E-3,
,,,5.37200003E-6,-400.00000596E-3,
,,,5.37400001E-6,-800.000011921E-3,
,,,5.37599999E-6,-800.000011921E-3,
,,,5.37799997E-6,-400.00000596E-3,
,,,5.37999995E-6,-400.00000596E-3,
,,,5.38199993E-6,-400.00000596E-3,
,,,5.38399991E-6,-400.00000596E-3,
,,,5.38599988E-6,-800.000011921E-3,
,,,5.38799986E-6,-400.00000596E-3,
,,,5.38999984E-6,-400.00000596E-3,
,,,5.39199982E-6,-400.00000596E-3,
,,,5.39399980E-6,-800.000011921E-3,
,,,5.39599978E-6,-800.000011921E-3,
,,,5.39799976E-6,-400.00000596E-3,
,,,5.39999974E-6,-400.00000596E-3,
,,,5.40199972E-6,-800.000011921E-3,
,,,5.40399969E-6,-800.000011921E-3,
,,,5.40599967E-6,-400.00000596E-3,
,,,5.40799965E-6,-800.000011921E-3,
,,,5.41000009E-6,-800.000011921E-3,
,,,5.41200006E-6,-400.00000596E-3,
,,,5.41400004E-6,-800.000011921E-3,
,,,5.41600002E-6,-800.000011921E-3,
,,,5.41800000E-6,-400.00000596E-3,
,,,5.41999998E-6,-800.000011921E-3,
,,,5.42199996E-6,-800.000011921E-3,
,,,5.42399994E-6,-800.000011921E-3,
,,,5.42599992E-6,-800.000011921E-3,
,,,5.42799989E-6,-800.000011921E-3,
,,,5.42999987E-6,-800.000011921E-3,
,,,5.43199985E-6,-800.000011921E-3,
,,,5.43399983E-6,-800.000011921E-3,
,,,5.43599981E-6,-800.000011921E-3,
,,,5.43799979E-6,-800.000011921E-3,
,,,5.43999977E-6,-800.000011921E-3,
,,,5.44199975E-6,-800.000011921E-3,
,,,5.44399973E-6,-800.000011921E-3,
,,,5.44599970E-6,-1.2000000,
,,,5.44799968E-6,-400.00000596E-3,
,,,5.44999966E-6,-400.00000596E-3,
,,,5.45199964E-6,-800.000011921E-3,
,,,5.45400007E-6,-800.000011921E-3,
,,,5.45600005E-6,-800.000011921E-3,
,,,5.45800003E-6,-800.000011921E-3,
,,,5.46000001E-6,-800.000011921E-3,
,,,5.46199999E-6,-800.000011921E-3,
,,,5.46399997E-6,-800.000011921E-3,
,,,5.46599995E-6,-1.2000000,
,,,5.46799993E-6,-800.000011921E-3,
,,,5.46999991E-6,-800.000011921E-3,
,,,5.47199988E-6,-1.2000000,
,,,5.47399986E-6,-800.000011921E-3,
,,,5.47599984E-6,-800.000011921E-3,
,,,5.47799982E-6,-800.000011921E-3,
,,,5.47999980E-6,-800.000011921E-3,
,,,5.48199978E-6,-800.000011921E-3,
,,,5.48399976E-6,-1.2000000,
,,,5.48599974E-6,-1.2000000,
,,,5.48799972E-6,-800.000011921E-3,
,,,5.48999969E-6,-1.2000000,
,,,5.49199967E-6,-800.000011921E-3,
,,,5.49399965E-6,-1.2000000,
,,,5.49599963E-6,-800.000011921E-3,
,,,5.49800006E-6,-1.2000000,
