Record Length,2500,Points,-979.999981610E-9,-400.00000596E-3,
Sample Interval,1.9999999E-9,s,-978.000002760E-9,0.0,
Trigger Point,490.000004663,Samples,-976.000023911E-9,400.00000596E-3,
,,,-973.999931375E-9,0.0,
,,,-971.999952526E-9,-400.00000596E-3,
,,,-969.999973677E-9,-400.00000596E-3,
Source,MATH,,-967.999994828E-9,0.0,
Vertical Units,Volts,,-966.000015978E-9,0.0,
Vertical Scale,10.0000001,,-964.000037129E-9,0.0,
Vertical Offset,0,,-961.999944593E-9,-400.00000596E-3,
Horizontal Units,s,,-959.999965744E-9,0.0,
Horizontal Scale,499.999985859E-9,,-957.999986895E-9,0.0,
Pt Fmt,Y,,-956.000008046E-9,0.0,
Yzero,0.0,,-954.000029196E-9,0.0,
,,,-951.999993504E-9,0.0,
,,,-949.999957811E-9,0.0,
Note,TBS 1104 - 2:10:43 PM   2/5/2026,,-947.999978962E-9,0.0,
,,,-946.000000113E-9,400.00000596E-3,
,,,-943.999964420E-9,0.0,
,,,-941.999985571E-9,0.0,
,,,-940.000006722E-9,400.00000596E-3,
,,,-937.999971029E-9,400.00000596E-3,
,,,-935.999992180E-9,0.0,
,,,-933.999956487E-9,400.00000596E-3,
,,,-931.999977638E-9,0.0,
,,,-929.999998789E-9,-400.00000596E-3,
,,,-927.999963096E-9,400.00000596E-3,
,,,-925.999984247E-9,-400.00000596E-3,
,,,-924.000005398E-9,0.0,
,,,-921.999969705E-9,0.0,
,,,-919.999990856E-9,0.0,
,,,-917.999955163E-9,400.00000596E-3,
,,,-915.999976314E-9,0.0,
,,,-913.999997465E-9,0.0,
,,,-911.999961772E-9,0.0,
,,,-909.999982923E-9,0.0,
,,,-908.000004074E-9,0.0,
,,,-905.999968381E-9,0.0,
,,,-903.999989532E-9,400.00000596E-3,
,,,-902.000010683E-9,400.00000596E-3,
,,,-899.999974990E-9,0.0,
,,,-897.999996141E-9,400.00000596E-3,
,,,-895.999960449E-9,400.00000596E-3,
,,,-893.999981599E-9,400.00000596E-3,
,,,-892.000002750E-9,0.0,
,,,-889.999967058E-9,-400.00000596E-3,
,,,-887.999988208E-9,0.0,
,,,-886.000009359E-9,0.0,
,,,-883.999973667E-9,0.0,
,,,-881.999994817E-9,0.0,
,,,-879.999959125E-9,400.00000596E-3,
,,,-877.999980275E-9,-400.00000596E-3,
,,,-876.000001426E-9,400.00000596E-3,
,,,-873.999965734E-9,0.0,
,,,-871.999986884E-9,0.0,
,,,-870.000008035E-9,400.00000596E-3,
,,,-867.999972343E-9,0.0,
,,,-865.999993493E-9,-400.00000596E-3,
,,,-863.999957801E-9,0.0,
,,,-861.999978952E-9,0.0,
,,,-860.000000102E-9,400.00000596E-3,
,,,-857.999964410E-9,0.0,
,,,-855.999985561E-9,0.0,
,,,-854.000006711E-9,0.0,
,,,-851.999971019E-9,0.0,
,,,-849.999992170E-9,0.0,
,,,-848.000013320E-9,0.0,
,,,-845.999977628E-9,400.00000596E-3,
,,,-843.999998779E-9,400.00000596E-3,
,,,-841.999963086E-9,400.00000596E-3,
,,,-839.999984237E-9,0.0,
,,,-838.000005388E-9,0.0,
,,,-835.999969695E-9,400.00000596E-3,
,,,-833.999990846E-9,0.0,
,,,-832.000011997E-9,0.0,
,,,-829.999976304E-9,400.00000596E-3,
,,,-827.999997455E-9,400.00000596E-3,
,,,-825.999961762E-9,400.00000596E-3,
,,,-823.999982913E-9,-400.00000596E-3,
,,,-822.000004064E-9,400.00000596E-3,
,,,-819.999968371E-9,400.00000596E-3,
,,,-817.999989522E-9,400.00000596E-3,
,,,-816.000010673E-9,400.00000596E-3,
,,,-813.999974980E-9,400.00000596E-3,
,,,-811.999996131E-9,0.0,
,,,-809.999960438E-9,0.0,
,,,-807.999981589E-9,0.0,
,,,-806.000002740E-9,0.0,
,,,-803.999967047E-9,400.00000596E-3,
,,,-801.999988198E-9,0.0,
,,,-800.000009349E-9,-400.00000596E-3,
,,,-797.999973656E-9,400.00000596E-3,
,,,-795.999994807E-9,400.00000596E-3,
,,,-793.999959114E-9,0.0,
,,,-791.999980265E-9,0.0,
,,,-790.000001416E-9,0.0,
,,,-787.999965723E-9,0.0,
,,,-785.999986874E-9,400.00000596E-3,
,,,-784.000008025E-9,0.0,
,,,-781.999972332E-9,0.0,
,,,-779.999993483E-9,400.00000596E-3,
,,,-778.000014634E-9,0.0,
,,,-775.999978941E-9,0.0,
,,,-774.000000092E-9,0.0,
,,,-771.999964400E-9,400.00000596E-3,
,,,-769.999985550E-9,400.00000596E-3,
,,,-768.000006701E-9,400.00000596E-3,
,,,-765.999971009E-9,0.0,
,,,-763.999992159E-9,0.0,
,,,-762.000013310E-9,0.0,
,,,-759.999977618E-9,400.00000596E-3,
,,,-757.999998768E-9,-400.00000596E-3,
,,,-755.999963076E-9,0.0,
,,,-753.999984227E-9,-400.00000596E-3,
,,,-752.000005377E-9,0.0,
,,,-749.999969685E-9,-400.00000596E-3,
,,,-747.999990836E-9,400.00000596E-3,
,,,-746.000011986E-9,0.0,
,,,-743.999976294E-9,400.00000596E-3,
,,,-741.999997445E-9,400.00000596E-3,
,,,-739.999961752E-9,0.0,
,,,-737.999982903E-9,400.00000596E-3,
,,,-736.000004053E-9,0.0,
,,,-733.999968361E-9,0.0,
,,,-731.999989512E-9,0.0,
,,,-730.000010662E-9,0.0,
,,,-727.999974970E-9,0.0,
,,,-725.999996121E-9,0.0,
,,,-723.999960428E-9,0.0,
,,,-721.999981579E-9,0.0,
,,,-720.000002730E-9,0.0,
,,,-717.999967037E-9,0.0,
,,,-715.999988188E-9,0.0,
,,,-714.000009339E-9,0.0,
,,,-711.999973646E-9,0.0,
,,,-709.999994797E-9,0.0,
,,,-708.000015948E-9,0.0,
,,,-705.999980255E-9,0.0,
,,,-704.000001406E-9,400.00000596E-3,
,,,-701.999965713E-9,0.0,
,,,-699.999986864E-9,0.0,
,,,-698.000008015E-9,0.0,
,,,-695.999972322E-9,400.00000596E-3,
,,,-693.999993473E-9,0.0,
,,,-692.000014624E-9,0.0,
,,,-689.999978931E-9,0.0,
,,,-688.000000082E-9,400.00000596E-3,
,,,-685.999964389E-9,0.0,
,,,-683.999985540E-9,400.00000596E-3,
,,,-682.000006691E-9,-400.00000596E-3,
,,,-679.999970998E-9,0.0,
,,,-677.999992149E-9,0.0,
,,,-676.000013300E-9,0.0,
,,,-673.999977607E-9,0.0,
,,,-671.999998758E-9,0.0,
,,,-669.999963065E-9,400.00000596E-3,
,,,-667.999984216E-9,0.0,
,,,-666.000005367E-9,0.0,
,,,-663.999969674E-9,400.00000596E-3,
,,,-661.999990825E-9,400.00000596E-3,
,,,-660.000011976E-9,0.0,
,,,-657.999976283E-9,400.00000596E-3,
,,,-655.999997434E-9,400.00000596E-3,
,,,-654.000018585E-9,0.0,
,,,-651.999982892E-9,0.0,
,,,-650.000004043E-9,0.0,
,,,-647.999968351E-9,0.0,
,,,-645.999989501E-9,0.0,
,,,-644.000010652E-9,0.0,
,,,-641.999974960E-9,400.00000596E-3,
,,,-639.999996110E-9,400.00000596E-3,
,,,-638.000017261E-9,0.0,
,,,-635.999981569E-9,0.0,
,,,-634.000002719E-9,400.00000596E-3,
,,,-631.999967027E-9,0.0,
,,,-629.999988178E-9,400.00000596E-3,
,,,-628.000009328E-9,0.0,
,,,-625.999973636E-9,0.0,
,,,-623.999994787E-9,400.00000596E-3,
,,,-622.000015937E-9,400.00000596E-3,
,,,-619.999980245E-9,400.00000596E-3,
,,,-618.000001396E-9,0.0,
,,,-615.999965703E-9,0.0,
,,,-613.999986854E-9,0.0,
,,,-612.000008005E-9,400.00000596E-3,
,,,-609.999972312E-9,400.00000596E-3,
,,,-607.999993463E-9,0.0,
,,,-606.000014614E-9,0.0,
,,,-603.999978921E-9,0.0,
,,,-602.000000072E-9,0.0,
,,,-599.999964379E-9,400.00000596E-3,
,,,-597.999985530E-9,0.0,
,,,-596.000006681E-9,400.00000596E-3,
,,,-593.999970988E-9,0.0,
,,,-591.999992139E-9,400.00000596E-3,
,,,-590.000013290E-9,0.0,
,,,-587.999977597E-9,0.0,
,,,-585.999998748E-9,0.0,
,,,-584.000019899E-9,0.0,
,,,-581.999984206E-9,0.0,
,,,-580.000005357E-9,400.00000596E-3,
,,,-577.999969664E-9,0.0,
,,,-575.999990815E-9,0.0,
,,,-574.000011966E-9,400.00000596E-3,
,,,-571.999976273E-9,0.0,
,,,-569.999997424E-9,400.00000596E-3,
,,,-568.000018575E-9,0.0,
,,,-565.999982882E-9,0.0,
,,,-564.000004033E-9,400.00000596E-3,
,,,-561.999968340E-9,0.0,
,,,-559.999989491E-9,0.0,
,,,-558.000010642E-9,0.0,
,,,-555.999974949E-9,0.0,
,,,-553.999996100E-9,400.00000596E-3,
,,,-552.000017251E-9,0.0,
,,,-549.999981558E-9,400.00000596E-3,
,,,-548.000002709E-9,0.0,
,,,-545.999967017E-9,400.00000596E-3,
,,,-543.999988167E-9,0.0,
,,,-542.000009318E-9,0.0,
,,,-539.999973626E-9,0.0,
,,,-537.999994776E-9,0.0,
,,,-536.000015927E-9,400.00000596E-3,
,,,-533.999980235E-9,0.0,
,,,-532.000001385E-9,0.0,
,,,-530.000022536E-9,-400.00000596E-3,
,,,-527.999986843E-9,0.0,
,,,-526.000007994E-9,0.0,
,,,-523.999972302E-9,0.0,
,,,-521.999993452E-9,400.00000596E-3,
,,,-520.000014603E-9,400.00000596E-3,
,,,-517.999978911E-9,400.00000596E-3,
,,,-516.000000061E-9,0.0,
,,,-514.000021212E-9,400.00000596E-3,
,,,-511.999985520E-9,400.00000596E-3,
,,,-510.000006670E-9,0.0,
,,,-507.999970978E-9,400.00000596E-3,
,,,-505.999992129E-9,400.00000596E-3,
,,,-504.000013279E-9,400.00000596E-3,
,,,-501.999977587E-9,400.00000596E-3,
,,,-499.999998738E-9,0.0,
,,,-498.000019888E-9,400.00000596E-3,
,,,-495.999984196E-9,400.00000596E-3,
,,,-494.000005347E-9,0.0,
,,,-491.999969654E-9,400.00000596E-3,
,,,-489.999990805E-9,0.0,
,,,-488.000011956E-9,400.00000596E-3,
,,,-485.999976263E-9,400.00000596E-3,
,,,-483.999997414E-9,0.0,
,,,-482.000018565E-9,400.00000596E-3,
,,,-479.999982872E-9,400.00000596E-3,
,,,-478.000004023E-9,0.0,
,,,-475.999996752E-9,400.00000596E-3,
,,,-473.999989481E-9,400.00000596E-3,
,,,-471.999982210E-9,0.0,
,,,-470.000003361E-9,-400.00000596E-3,
,,,-467.999996090E-9,0.0,
,,,-465.999988819E-9,0.0,
,,,-464.000009970E-9,400.00000596E-3,
,,,-462.000002699E-9,0.0,
,,,-459.999995428E-9,0.0,
,,,-457.999988157E-9,0.0,
,,,-456.000009308E-9,400.00000596E-3,
,,,-454.000002037E-9,400.00000596E-3,
,,,-451.999994766E-9,0.0,
,,,-449.999987495E-9,800.000011921E-3,
,,,-448.000008646E-9,400.00000596E-3,
,,,-446.000001375E-9,400.00000596E-3,
,,,-443.999994104E-9,400.00000596E-3,
,,,-441.999986833E-9,400.00000596E-3,
,,,-440.000007984E-9,400.00000596E-3,
,,,-438.000000713E-9,0.0,
,,,-435.999993442E-9,400.00000596E-3,
,,,-433.999986171E-9,0.0,
,,,-432.000007322E-9,400.00000596E-3,
,,,-430.000000051E-9,0.0,
,,,-427.999992780E-9,-400.00000596E-3,
,,,-425.999985509E-9,0.0,
,,,-424.000006660E-9,0.0,
,,,-421.999999389E-9,400.00000596E-3,
,,,-419.999992118E-9,0.0,
,,,-417.999984847E-9,-400.00000596E-3,
,,,-416.000005998E-9,0.0,
,,,-413.999998727E-9,-400.00000596E-3,
,,,-411.999991456E-9,-400.00000596E-3,
,,,-409.999984186E-9,0.0,
,,,-408.000005336E-9,0.0,
,,,-405.999998065E-9,0.0,
,,,-403.999990795E-9,-400.00000596E-3,
,,,-402.00001195E-9,-400.00000596E-3,
,,,-400.00000467E-9,-800.000011921E-3,
,,,-397.99999740E-9,-800.000011921E-3,
,,,-395.99999013E-9,-400.00000596E-3,
,,,-394.00001128E-9,-400.00000596E-3,
,,,-392.00000401E-9,-800.000011921E-3,
,,,-389.99999674E-9,-800.000011921E-3,
,,,-387.99998947E-9,-400.00000596E-3,
,,,-386.00001062E-9,-400.00000596E-3,
,,,-384.00000335E-9,-800.000011921E-3,
,,,-381.99999608E-9,-400.00000596E-3,
,,,-379.99998881E-9,-800.000011921E-3,
,,,-378.00000996E-9,-400.00000596E-3,
,,,-376.00000269E-9,-800.000011921E-3,
,,,-373.99999542E-9,-400.00000596E-3,
,,,-371.99998815E-9,-400.00000596E-3,
,,,-370.00000930E-9,-400.00000596E-3,
,,,-368.00000203E-9,-800.000011921E-3,
,,,-365.99999476E-9,-400.00000596E-3,
,,,-363.99998748E-9,0.0,
,,,-362.00000864E-9,400.00000596E-3,
,,,-360.00000136E-9,0.0,
,,,-357.99999409E-9,800.000011921E-3,
,,,-355.99998682E-9,400.00000596E-3,
,,,-354.00000797E-9,400.00000596E-3,
,,,-352.00000070E-9,800.000011921E-3,
,,,-349.99999343E-9,1.2000000,
,,,-347.99998616E-9,1.6000000,
,,,-346.00000731E-9,2.0000000,
,,,-344.00000004E-9,1.6000000,
,,,-341.99999277E-9,2.0000000,
,,,-339.99998550E-9,2.0000000,
,,,-338.00000665E-9,2.4000001,
,,,-335.99999938E-9,2.0000000,
,,,-333.99999211E-9,3.20000005,
,,,-332.00001326E-9,2.79999995,
,,,-330.00000599E-9,2.79999995,
,,,-327.99999872E-9,3.20000005,
,,,-325.99999145E-9,3.20000005,
,,,-324.00001260E-9,3.60000014,
,,,-322.00000533E-9,3.20000005,
,,,-319.99999806E-9,3.20000005,
,,,-317.99999078E-9,3.60000014,
,,,-316.00001194E-9,3.60000014,
,,,-314.00000466E-9,4.00000000,
,,,-311.99999739E-9,4.00000000,
,,,-309.99999012E-9,4.00000000,
,,,-308.00001127E-9,4.00000000,
,,,-306.00000400E-9,4.00000000,
,,,-303.99999673E-9,4.00000000,
,,,-301.99998946E-9,4.00000000,
,,,-300.00001061E-9,4.40000010,
,,,-298.00000334E-9,4.40000010,
,,,-295.99999607E-9,4.40000010,
,,,-293.99998880E-9,4.40000010,
,,,-292.00000995E-9,4.80000019,
,,,-290.00000268E-9,4.80000019,
,,,-287.99999541E-9,4.80000019,
,,,-285.99998814E-9,4.80000019,
,,,-284.00000929E-9,5.20000029,
,,,-282.00000202E-9,5.20000029,
,,,-279.99999475E-9,5.20000029,
,,,-277.99998747E-9,5.20000029,
,,,-276.00000863E-9,5.59999990,
,,,-274.00000135E-9,5.59999990,
,,,-271.99999408E-9,5.59999990,
,,,-270.00001523E-9,5.59999990,
,,,-268.00000796E-9,6.00000000,
,,,-266.00000069E-9,6.00000000,
,,,-263.99999342E-9,6.40000010,
,,,-262.00001457E-9,6.80000019,
,,,-260.00000730E-9,6.40000010,
,,,-258.00000003E-9,6.40000010,
,,,-255.99999276E-9,6.80000019,
,,,-254.00001391E-9,6.80000019,
,,,-252.00000664E-9,6.80000019,
,,,-249.99999937E-9,6.80000019,
,,,-247.99999210E-9,7.20000029,
,,,-246.00001325E-9,6.80000019,
,,,-244.00000598E-9,7.20000029,
,,,-241.99999871E-9,6.80000019,
,,,-239.99999144E-9,6.80000019,
,,,-237.99999838E-9,6.80000019,
,,,-236.00000532E-9,6.80000019,
,,,-233.99999804E-9,7.20000029,
,,,-232.00000498E-9,7.20000029,
,,,-229.99999771E-9,7.20000029,
,,,-228.00000465E-9,6.80000019,
,,,-225.99999738E-9,6.80000019,
,,,-224.00000432E-9,6.80000019,
,,,-221.99999705E-9,6.80000019,
,,,-220.00000399E-9,6.40000010,
,,,-217.99999672E-9,6.40000010,
,,,-216.00000366E-9,6.80000019,
,,,-213.99999639E-9,6.80000019,
,,,-212.00000333E-9,6.80000019,
,,,-210.00001027E-9,6.40000010,
,,,-208.00000300E-9,6.80000019,
,,,-206.00000994E-9,6.80000019,
,,,-204.00000267E-9,6.80000019,
,,,-202.00000961E-9,6.80000019,
,,,-200.00000234E-9,6.80000019,
,,,-198.00000928E-9,6.80000019,
,,,-196.00000201E-9,7.20000029,
,,,-194.00000895E-9,7.20000029,
,,,-192.00000168E-9,7.599999905,
,,,-190.00000862E-9,7.20000029,
,,,-188.00000134E-9,7.20000029,
,,,-186.00000828E-9,7.599999905,
,,,-184.00000101E-9,7.599999905,
,,,-182.00000795E-9,7.599999905,
,,,-180.00000068E-9,8.000000000,
,,,-178.00000762E-9,8.000000000,
,,,-176.00000035E-9,8.400000572,
,,,-174.00000729E-9,8.400000572,
,,,-172.00000002E-9,8.800000191,
,,,-170.00000696E-9,8.800000191,
,,,-167.99999969E-9,8.800000191,
,,,-166.00000663E-9,9.600000381,
,,,-163.99999936E-9,9.600000381,
,,,-162.00000630E-9,9.600000381,
,,,-159.99999903E-9,9.600000381,
,,,-158.00000597E-9,10.0000000,
,,,-155.99999870E-9,10.0000000,
,,,-154.00000564E-9,10.0000000,
,,,-151.99999837E-9,10.4000006,
,,,-150.00000531E-9,10.4000006,
,,,-147.9999980E-9,10.4000006,
,,,-146.0000050E-9,10.4000006,
,,,-144.0000119E-9,10.0000000,
,,,-142.0000046E-9,10.8000002,
,,,-140.0000116E-9,10.8000002,
,,,-138.0000043E-9,10.4000006,
,,,-136.0000113E-9,10.8000002,
,,,-134.0000040E-9,10.8000002,
,,,-132.0000109E-9,10.8000002,
,,,-130.0000037E-9,10.8000002,
,,,-128.0000106E-9,10.8000002,
,,,-126.0000033E-9,10.8000002,
,,,-124.0000103E-9,10.8000002,
,,,-122.0000030E-9,11.1999998,
,,,-120.0000099E-9,11.1999998,
,,,-118.0000027E-9,11.1999998,
,,,-116.0000096E-9,11.1999998,
,,,-114.0000094E-9,11.1999998,
,,,-112.0000093E-9,11.6000004,
,,,-110.0000091E-9,11.1999998,
,,,-108.0000089E-9,11.1999998,
,,,-106.0000088E-9,11.1999998,
,,,-104.0000086E-9,11.6000004,
,,,-102.0000084E-9,11.6000004,
,,,-100.0000083E-9,11.6000004,
,,,-98.000008109E-9,11.6000004,
,,,-96.000007943E-9,12.0000000,
,,,-94.000007778E-9,12.0000000,
,,,-92.000007612E-9,12.0000000,
,,,-90.000007447E-9,12.0000000,
,,,-88.000007281E-9,12.4000006,
,,,-86.000007116E-9,12.0000000,
,,,-84.000006950E-9,12.0000000,
,,,-82.000006785E-9,12.4000006,
,,,-80.000006619E-9,12.0000000,
,,,-78.000006454E-9,12.4000006,
,,,-76.000006288E-9,12.4000006,
,,,-74.000006123E-9,12.8000002,
,,,-72.000005957E-9,12.8000002,
,,,-70.000005792E-9,12.8000002,
,,,-68.000005626E-9,12.4000006,
,,,-66.000005461E-9,12.4000006,
,,,-64.000005295E-9,12.4000006,
,,,-62.000005130E-9,12.4000006,
,,,-60.000004964E-9,12.4000006,
,,,-58.000008352E-9,12.4000006,
,,,-56.000008186E-9,12.4000006,
,,,-54.00000802E-9,12.8000002,
,,,-52.00000786E-9,12.8000002,
,,,-50.00000769E-9,12.8000002,
,,,-48.00000752E-9,12.4000006,
,,,-46.00000736E-9,12.4000006,
,,,-44.00000719E-9,12.0000000,
,,,-42.00000703E-9,12.4000006,
,,,-40.00000686E-9,12.0000000,
,,,-38.00000670E-9,11.6000004,
,,,-36.00001008E-9,11.6000004,
,,,-34.00000992E-9,11.6000004,
,,,-32.00000975E-9,12.0000000,
,,,-30.00000959E-9,12.8000002,
,,,-28.00000942E-9,13.6000004,
,,,-26.00000926E-9,14.4000006,
,,,-24.00000909E-9,14.0000000,
,,,-22.00000893E-9,13.1999998,
,,,-20.0000088E-9,12.4000006,
,,,-18.0000086E-9,11.1999998,
,,,-16.0000084E-9,11.1999998,
,,,-14.0000092E-9,12.0000000,
,,,-12.0000090E-9,13.1999998,
,,,-10.0000088E-9,13.6000004,
,,,-8.000009544E-9,15.1999998,
,,,-6.00000938E-9,17.2000008,
,,,-4.00000921E-9,16.0000000,
,,,-2.0000093E-9,14.8000002,
,,,-9.325873286E-15,13.6000004,
,,,1.9999906E-9,11.1999998,
,,,3.99999056E-9,11.6000004,
,,,5.99999073E-9,12.4000006,
,,,7.999990004E-9,16.3999996,
,,,9.999990169E-9,19.6000004,
,,,11.9999903E-9,18.8000011,
,,,13.9999905E-9,16.8000011,
,,,15.9999907E-9,13.6000004,
,,,17.9999908E-9,12.8000002,
,,,19.9999910E-9,12.8000002,
,,,21.99998939E-9,15.1999998,
,,,23.99998955E-9,16.8000011,
,,,25.99998972E-9,15.1999998,
,,,27.99998988E-9,14.4000006,
,,,29.99998827E-9,14.8000002,
,,,31.99998844E-9,17.2000008,
,,,33.99998860E-9,18.8000011,
,,,35.99998877E-9,20.0000000,
,,,37.99998893E-9,19.2000008,
,,,39.99998910E-9,16.8000011,
,,,41.99998926E-9,15.1999998,
,,,43.99998943E-9,12.0000000,
,,,45.99998960E-9,13.1999998,
,,,47.99998976E-9,14.0000000,
,,,49.99998993E-9,14.4000006,
,,,51.99999009E-9,16.8000011,
,,,53.99999026E-9,19.2000008,
,,,55.999990423E-9,20.80000114,
,,,57.999990588E-9,21.20000076,
,,,59.999990754E-9,20.0000000,
,,,61.999990919E-9,17.6000004,
,,,63.999991085E-9,14.0000000,
,,,65.999991250E-9,11.1999998,
,,,67.999991415E-9,10.4000006,
,,,69.999991581E-9,13.1999998,
,,,71.999991746E-9,18.8000011,
,,,73.999991912E-9,21.20000076,
,,,75.999992077E-9,20.80000114,
,,,77.999985137E-9,20.80000114,
,,,79.999985303E-9,20.0000000,
,,,81.999985468E-9,18.0000000,
,,,83.999985634E-9,17.2000008,
,,,85.999985799E-9,16.3999996,
,,,87.999985965E-9,14.0000000,
,,,89.999986130E-9,13.1999998,
,,,91.999986296E-9,14.8000002,
,,,93.999986461E-9,19.2000008,
,,,95.999986627E-9,22.80000114,
,,,97.999986792E-9,24.00000000,
,,,99.999986958E-9,23.60000038,
,,,101.9999871E-9,19.6000004,
,,,103.9999873E-9,16.8000011,
,,,105.9999875E-9,15.1999998,
,,,107.9999876E-9,14.8000002,
,,,109.9999878E-9,16.3999996,
,,,111.9999880E-9,16.3999996,
,,,113.9999881E-9,18.0000000,
,,,115.9999883E-9,19.2000008,
,,,117.9999884E-9,20.39999962,
,,,119.9999815E-9,23.60000038,
,,,121.9999888E-9,22.00000000,
,,,123.9999818E-9,20.39999962,
,,,125.9999891E-9,19.2000008,
,,,127.9999822E-9,15.6000004,
,,,129.9999894E-9,13.6000004,
,,,131.9999825E-9,12.8000002,
,,,133.9999898E-9,16.8000011,
,,,135.9999828E-9,19.6000004,
,,,137.9999901E-9,21.20000076,
,,,139.9999832E-9,23.60000038,
,,,141.9999904E-9,22.39999962,
,,,143.9999835E-9,20.39999962,
,,,145.9999908E-9,19.2000008,
,,,147.9999838E-9,17.2000008,
,,,149.99999109E-9,15.6000004,
,,,151.99998415E-9,14.4000006,
,,,153.99999143E-9,15.1999998,
,,,155.99998449E-9,18.0000000,
,,,157.99999176E-9,22.39999962,
,,,159.99998482E-9,25.20000076,
,,,161.99999209E-9,24.80000114,
,,,163.99998515E-9,21.60000038,
,,,165.99999242E-9,20.0000000,
,,,167.99998548E-9,17.2000008,
,,,169.99999275E-9,14.8000002,
,,,171.99998581E-9,15.6000004,
,,,173.99997887E-9,17.6000004,
,,,175.99998614E-9,21.20000076,
,,,177.99997920E-9,24.00000000,
,,,179.99998647E-9,25.60000038,
,,,181.99997953E-9,24.00000000,
,,,183.99998680E-9,21.20000076,
,,,185.99997986E-9,20.80000114,
,,,187.99998713E-9,20.39999962,
,,,189.99998019E-9,18.3999996,
,,,191.99998746E-9,18.0000000,
,,,193.99998052E-9,18.3999996,
,,,195.99998780E-9,20.39999962,
,,,197.99998086E-9,24.00000000,
,,,199.99998813E-9,25.60000038,
,,,201.99998119E-9,23.60000038,
,,,203.99998846E-9,22.00000000,
,,,205.99998152E-9,22.39999962,
,,,207.99998879E-9,21.60000038,
,,,209.99998185E-9,20.80000114,
,,,211.99998912E-9,20.80000114,
,,,213.99998218E-9,19.2000008,
,,,215.99998945E-9,19.2000008,
,,,217.99998251E-9,23.20000076,
,,,219.99998978E-9,26.39999962,
,,,221.99998284E-9,24.39999962,
,,,223.99999011E-9,24.00000000,
,,,225.99998317E-9,23.60000038,
,,,227.99999044E-9,20.80000114,
,,,229.99998350E-9,19.2000008,
,,,231.99999077E-9,19.2000008,
,,,233.99998383E-9,18.3999996,
,,,235.99997689E-9,21.60000038,
,,,237.99998417E-9,26.00000000,
,,,239.99999144E-9,26.39999962,
,,,241.99997029E-9,24.39999962,
,,,243.99997756E-9,24.80000114,
,,,245.99998483E-9,22.80000114,
,,,247.99999210E-9,20.80000114,
,,,249.99997095E-9,21.20000076,
,,,251.99997822E-9,20.80000114,
,,,253.99998549E-9,20.0000000,
,,,255.99999276E-9,22.39999962,
,,,257.99997161E-9,25.60000038,
,,,259.99997888E-9,25.20000076,
,,,261.99998615E-9,24.39999962,
,,,263.99999342E-9,24.00000000,
,,,265.99997227E-9,21.60000038,
,,,267.99997954E-9,22.39999962,
,,,269.99998681E-9,23.60000038,
,,,271.99999408E-9,22.00000000,
,,,273.99997293E-9,21.20000076,
,,,275.99998020E-9,23.60000038,
,,,277.99998747E-9,25.20000076,
,,,279.99999475E-9,24.39999962,
,,,281.99997359E-9,24.80000114,
,,,283.99998087E-9,23.20000076,
,,,285.99998814E-9,22.39999962,
,,,287.99999541E-9,22.80000114,
,,,289.99997426E-9,23.20000076,
,,,291.99998153E-9,23.20000076,
,,,293.99998880E-9,24.00000000,
,,,295.99999607E-9,25.60000038,
,,,297.99997492E-9,24.00000000,
,,,299.99998219E-9,22.80000114,
,,,301.99998946E-9,22.39999962,
,,,303.99996831E-9,21.60000038,
,,,305.99997558E-9,23.60000038,
,,,307.99998285E-9,26.00000000,
,,,309.99999012E-9,26.00000000,
,,,311.99996897E-9,24.00000000,
,,,313.99997624E-9,23.60000038,
,,,315.99998351E-9,23.20000076,
,,,317.99999078E-9,22.00000000,
,,,319.99996963E-9,23.60000038,
,,,321.99997690E-9,22.80000114,
,,,323.99998418E-9,22.80000114,
,,,325.99999145E-9,24.80000114,
,,,327.99997030E-9,25.20000076,
,,,329.99997757E-9,26.80000114,
,,,331.99998484E-9,26.80000114,
,,,333.99999211E-9,25.60000038,
,,,335.99997096E-9,23.20000076,
,,,337.99997823E-9,21.60000038,
,,,339.99998550E-9,21.60000038,
,,,341.99999277E-9,22.00000000,
,,,343.99997162E-9,24.39999962,
,,,345.99997889E-9,26.39999962,
,,,347.99998616E-9,26.39999962,
,,,349.99999343E-9,24.80000114,
,,,351.99997228E-9,24.39999962,
,,,353.99997955E-9,24.00000000,
,,,355.99998682E-9,23.60000038,
,,,357.99999409E-9,24.39999962,
,,,359.99997294E-9,23.20000076,
,,,361.99998021E-9,23.20000076,
,,,363.99998748E-9,24.80000114,
,,,365.99996633E-9,25.20000076,
,,,367.99997361E-9,25.60000038,
,,,369.99998088E-9,25.60000038,
,,,371.99998815E-9,23.60000038,
,,,373.99996700E-9,22.39999962,
,,,375.99997427E-9,22.39999962,
,,,377.99998154E-9,24.00000000,
,,,379.99998881E-9,25.60000038,
,,,381.99996766E-9,26.39999962,
,,,383.99997493E-9,24.80000114,
,,,385.99998220E-9,22.80000114,
,,,387.99998947E-9,21.60000038,
,,,389.99996832E-9,21.60000038,
,,,391.99997559E-9,22.39999962,
,,,393.99998286E-9,25.60000038,
,,,395.99999013E-9,26.00000000,
,,,397.99996898E-9,24.39999962,
,,,399.99997625E-9,23.20000076,
,,,401.99998352E-9,21.20000076,
,,,403.999990795E-9,20.39999962,
,,,405.999969644E-9,21.20000076,
,,,407.999976915E-9,22.00000000,
,,,409.999984186E-9,22.80000114,
,,,411.999991456E-9,23.20000076,
,,,413.999970306E-9,23.20000076,
,,,415.999977577E-9,22.80000114,
,,,417.999984847E-9,22.00000000,
,,,419.999992118E-9,21.60000038,
,,,421.999970968E-9,20.80000114,
,,,423.999978238E-9,20.0000000,
,,,425.999985509E-9,20.39999962,
,,,427.999964359E-9,22.00000000,
,,,429.999971630E-9,22.39999962,
,,,431.999978900E-9,23.20000076,
,,,433.999986171E-9,22.39999962,
,,,435.999965021E-9,21.20000076,
,,,437.999972291E-9,20.80000114,
,,,439.999979562E-9,19.2000008,
,,,441.999986833E-9,20.39999962,
,,,443.999965682E-9,21.20000076,
,,,445.999972953E-9,22.39999962,
,,,447.999980224E-9,22.00000000,
,,,449.999987495E-9,22.00000000,
,,,451.999966344E-9,21.20000076,
,,,453.999973615E-9,20.80000114,
,,,455.999980886E-9,20.80000114,
,,,457.999988157E-9,21.20000076,
,,,459.999967006E-9,20.39999962,
,,,461.999974277E-9,20.80000114,
,,,463.999981548E-9,21.20000076,
,,,465.999988819E-9,20.39999962,
,,,467.999967668E-9,21.20000076,
,,,469.999974939E-9,21.20000076,
,,,471.999982210E-9,20.80000114,
,,,473.999989481E-9,20.80000114,
,,,475.999968330E-9,20.80000114,
,,,478.000004023E-9,21.60000038,
,,,479.999982872E-9,21.20000076,
,,,481.999961721E-9,21.60000038,
,,,483.999997414E-9,21.60000038,
,,,485.999976263E-9,21.60000038,
,,,487.999955112E-9,20.80000114,
,,,489.999990805E-9,20.0000000,
,,,491.999969654E-9,20.39999962,
,,,493.999948503E-9,21.20000076,
,,,495.999984196E-9,21.60000038,
,,,497.999963045E-9,21.20000076,
,,,499.999998738E-9,21.20000076,
,,,501.999977587E-9,21.20000076,
,,,503.999956436E-9,20.39999962,
,,,505.999992129E-9,20.0000000,
,,,507.999970978E-9,20.39999962,
,,,509.999949827E-9,20.80000114,
,,,511.999985520E-9,21.20000076,
,,,513.999964369E-9,21.20000076,
,,,516.000000061E-9,21.20000076,
,,,517.999978911E-9,21.20000076,
,,,519.999957760E-9,20.39999962,
,,,521.999993452E-9,20.39999962,
,,,523.999972302E-9,20.0000000,
,,,525.999951151E-9,20.80000114,
,,,527.999986843E-9,20.39999962,
,,,529.999965693E-9,20.80000114,
,,,532.000001385E-9,20.80000114,
,,,533.999980235E-9,21.20000076,
,,,535.999959084E-9,20.80000114,
,,,537.999994776E-9,20.39999962,
,,,539.999973626E-9,20.39999962,
,,,541.999952475E-9,20.80000114,
,,,543.999988167E-9,20.80000114,
,,,545.999967017E-9,21.20000076,
,,,548.000002709E-9,21.20000076,
,,,549.999981558E-9,21.20000076,
,,,551.999960408E-9,20.80000114,
,,,553.999996100E-9,20.0000000,
,,,555.999974949E-9,20.0000000,
,,,557.999953799E-9,20.39999962,
,,,559.999989491E-9,20.39999962,
,,,561.999968340E-9,21.20000076,
,,,563.999947190E-9,21.60000038,
,,,565.999982882E-9,20.80000114,
,,,567.999961731E-9,20.0000000,
,,,569.999997424E-9,19.2000008,
,,,571.999976273E-9,19.2000008,
,,,573.999955122E-9,19.2000008,
,,,575.999990815E-9,20.0000000,
,,,577.999969664E-9,20.0000000,
,,,579.999948513E-9,20.39999962,
,,,581.999984206E-9,20.0000000,
,,,583.999963055E-9,19.2000008,
,,,585.999998748E-9,19.6000004,
,,,587.999977597E-9,19.6000004,
,,,589.999956446E-9,18.8000011,
,,,591.999992139E-9,18.8000011,
,,,593.999970988E-9,19.2000008,
,,,595.999949837E-9,19.2000008,
,,,597.999985530E-9,19.6000004,
,,,599.999964379E-9,20.0000000,
,,,602.000000072E-9,19.6000004,
,,,603.999978921E-9,19.6000004,
,,,605.999957770E-9,19.2000008,
,,,607.999993463E-9,18.8000011,
,,,609.999972312E-9,18.8000011,
,,,611.999951161E-9,18.8000011,
,,,613.999986854E-9,19.6000004,
,,,615.999965703E-9,19.2000008,
,,,618.000001396E-9,19.2000008,
,,,619.999980245E-9,18.8000011,
,,,621.999959094E-9,18.8000011,
,,,623.999994787E-9,19.2000008,
,,,625.999973636E-9,18.8000011,
,,,627.999952485E-9,19.2000008,
,,,629.999988178E-9,19.6000004,
,,,631.999967027E-9,19.2000008,
,,,633.999945876E-9,19.2000008,
,,,635.999981569E-9,19.2000008,
,,,637.999960418E-9,18.8000011,
,,,639.999996110E-9,18.8000011,
,,,641.999974960E-9,18.8000011,
,,,643.999953809E-9,18.8000011,
,,,645.999989501E-9,19.2000008,
,,,647.999968351E-9,19.6000004,
,,,649.999947200E-9,19.2000008,
,,,651.999982892E-9,19.2000008,
,,,653.999961742E-9,18.8000011,
,,,655.999997434E-9,18.8000011,
,,,657.999976283E-9,18.8000011,
,,,659.999955133E-9,19.2000008,
,,,661.999990825E-9,18.8000011,
,,,663.999969674E-9,19.2000008,
,,,665.999948524E-9,19.2000008,
,,,667.999984216E-9,18.8000011,
,,,669.999963065E-9,18.8000011,
,,,671.999998758E-9,18.8000011,
,,,673.999977607E-9,18.8000011,
,,,675.999956457E-9,19.2000008,
,,,677.999992149E-9,19.2000008,
,,,679.999970998E-9,19.2000008,
,,,681.999949848E-9,18.8000011,
,,,683.999985540E-9,18.3999996,
,,,685.999964389E-9,18.8000011,
,,,687.999943239E-9,18.3999996,
,,,689.999978931E-9,18.8000011,
,,,691.999957780E-9,18.8000011,
,,,693.999993473E-9,18.8000011,
,,,695.999972322E-9,18.8000011,
,,,697.999951171E-9,18.3999996,
,,,699.999986864E-9,18.3999996,
,,,701.999965713E-9,18.8000011,
,,,703.999944562E-9,18.3999996,
,,,705.999980255E-9,18.3999996,
,,,707.999959104E-9,18.8000011,
,,,709.999994797E-9,18.8000011,
,,,711.999973646E-9,19.2000008,
,,,713.999952495E-9,18.8000011,
,,,715.999988188E-9,18.8000011,
,,,717.999967037E-9,18.3999996,
,,,719.999945886E-9,18.0000000,
,,,721.999981579E-9,18.3999996,
,,,723.999960428E-9,18.8000011,
,,,725.999996121E-9,18.3999996,
,,,727.999974970E-9,18.3999996,
,,,729.999953819E-9,18.3999996,
,,,731.999989512E-9,18.3999996,
,,,733.999968361E-9,18.0000000,
,,,735.999947210E-9,18.0000000,
,,,737.999982903E-9,18.0000000,
,,,739.999961752E-9,17.6000004,
,,,741.999997445E-9,18.0000000,
,,,743.999976294E-9,18.0000000,
,,,745.999955143E-9,18.0000000,
,,,747.999990836E-9,18.0000000,
,,,749.999969685E-9,17.6000004,
,,,751.999948534E-9,17.6000004,
,,,753.999984227E-9,17.6000004,
,,,755.999963076E-9,17.2000008,
,,,757.999941925E-9,17.6000004,
,,,759.999977618E-9,17.2000008,
,,,761.999956467E-9,17.6000004,
,,,763.999992159E-9,17.2000008,
,,,765.999971009E-9,16.8000011,
,,,767.999949858E-9,17.2000008,
,,,769.999985550E-9,17.2000008,
,,,771.999964400E-9,16.8000011,
,,,773.999943249E-9,17.2000008,
,,,775.999978941E-9,16.8000011,
,,,777.999957791E-9,17.2000008,
,,,779.999993483E-9,16.8000011,
,,,781.999972332E-9,16.8000011,
,,,783.999951182E-9,16.8000011,
,,,785.999986874E-9,16.8000011,
,,,787.999965723E-9,17.2000008,
,,,789.999944573E-9,16.8000011,
,,,791.999980265E-9,16.8000011,
,,,793.999959114E-9,16.8000011,
,,,795.999994807E-9,16.8000011,
,,,797.999973656E-9,16.8000011,
,,,799.999952505E-9,17.2000008,
,,,801.999988198E-9,16.3999996,
,,,803.999967047E-9,16.8000011,
,,,805.999945896E-9,16.3999996,
,,,807.999981589E-9,16.8000011,
,,,809.999960438E-9,17.2000008,
,,,811.999939287E-9,16.8000011,
,,,813.999974980E-9,17.6000004,
,,,815.999953829E-9,17.2000008,
,,,817.999989522E-9,16.8000011,
,,,819.999968371E-9,16.8000011,
,,,821.999947220E-9,16.8000011,
,,,823.999982913E-9,16.8000011,
,,,825.999961762E-9,16.8000011,
,,,827.999940611E-9,17.2000008,
,,,829.999976304E-9,16.8000011,
,,,831.999955153E-9,16.3999996,
,,,833.999990846E-9,16.8000011,
,,,835.999969695E-9,16.8000011,
,,,837.999948544E-9,16.8000011,
,,,839.999984237E-9,16.3999996,
,,,841.999963086E-9,16.8000011,
,,,843.999941935E-9,16.3999996,
,,,845.999977628E-9,16.3999996,
,,,847.999956477E-9,16.3999996,
,,,849.999992170E-9,16.3999996,
,,,851.999971019E-9,16.3999996,
,,,853.999949868E-9,16.0000000,
,,,855.999985561E-9,16.3999996,
,,,857.999964410E-9,16.3999996,
,,,859.999943259E-9,16.3999996,
,,,861.999978952E-9,16.3999996,
,,,863.999957801E-9,16.8000011,
,,,865.999993493E-9,16.8000011,
,,,867.999972343E-9,16.3999996,
,,,869.999951192E-9,16.0000000,
,,,871.999986884E-9,16.0000000,
,,,873.999965734E-9,16.0000000,
,,,875.999944583E-9,16.3999996,
,,,877.999980275E-9,16.0000000,
,,,879.999959125E-9,16.0000000,
,,,881.999937974E-9,16.3999996,
,,,883.999973667E-9,16.3999996,
,,,885.999952516E-9,16.0000000,
,,,887.999988208E-9,16.0000000,
,,,889.999967058E-9,16.0000000,
,,,891.999945907E-9,16.0000000,
,,,893.999981599E-9,16.0000000,
,,,895.999960449E-9,16.0000000,
,,,897.999939298E-9,16.0000000,
,,,899.999974990E-9,16.0000000,
,,,901.999953840E-9,16.0000000,
,,,903.999989532E-9,15.6000004,
,,,905.999968381E-9,16.0000000,
,,,907.999947231E-9,16.0000000,
,,,909.999982923E-9,15.6000004,
,,,911.999961772E-9,15.6000004,
,,,913.999940622E-9,15.6000004,
,,,915.999976314E-9,15.6000004,
,,,917.999955163E-9,15.6000004,
,,,919.999990856E-9,15.1999998,
,,,921.999969705E-9,15.1999998,
,,,923.999948554E-9,15.1999998,
,,,925.999984247E-9,15.1999998,
,,,927.999963096E-9,14.8000002,
,,,929.999941945E-9,15.1999998,
,,,931.999977638E-9,15.1999998,
,,,933.999956487E-9,15.6000004,
,,,935.999992180E-9,15.1999998,
,,,937.999971029E-9,14.8000002,
,,,939.999949878E-9,14.8000002,
,,,941.999985571E-9,15.1999998,
,,,943.999964420E-9,14.8000002,
,,,945.999943269E-9,15.1999998,
,,,947.999978962E-9,14.8000002,
,,,949.999957811E-9,14.8000002,
,,,951.999936660E-9,14.8000002,
,,,953.999915509E-9,14.4000006,
,,,956.000008046E-9,14.8000002,
,,,957.999986895E-9,14.0000000,
,,,959.999965744E-9,14.4000006,
,,,961.999944593E-9,14.4000006,
,,,963.999923442E-9,14.8000002,
,,,966.000015978E-9,14.8000002,
,,,967.999994828E-9,14.8000002,
,,,969.999973677E-9,14.8000002,
,,,971.999952526E-9,14.8000002,
,,,973.999931375E-9,14.8000002,
,,,975.999910224E-9,14.8000002,
,,,978.000002760E-9,14.8000002,
,,,979.999981610E-9,14.4000006,
,,,981.999960459E-9,14.8000002,
,,,983.999939308E-9,14.8000002,
,,,985.999918157E-9,14.8000002,
,,,988.000010693E-9,14.8000002,
,,,989.999989542E-9,14.4000006,
,,,991.999968392E-9,14.8000002,
,,,993.999947241E-9,14.4000006,
,,,995.999926090E-9,14.8000002,
,,,998.000018626E-9,14.8000002,
,,,1.000000E-6,14.8000002,
,,,1.0020000E-6,14.8000002,
,,,1.0040000E-6,14.4000006,
,,,1.0059999E-6,14.4000006,
,,,1.0079999E-6,14.0000000,
,,,1.0100000E-6,14.4000006,
,,,1.0120000E-6,14.4000006,
,,,1.0140000E-6,14.4000006,
,,,1.0159999E-6,14.4000006,
,,,1.0179999E-6,14.4000006,
,,,1.0200000E-6,14.0000000,
,,,1.0220000E-6,14.4000006,
,,,1.0240000E-6,14.0000000,
,,,1.0259999E-6,14.0000000,
,,,1.0279999E-6,14.4000006,
,,,1.0299999E-6,14.4000006,
,,,1.0320000E-6,14.0000000,
,,,1.0340000E-6,14.0000000,
,,,1.0360000E-6,14.0000000,
,,,1.0379999E-6,13.6000004,
,,,1.0399999E-6,13.6000004,
,,,1.0420000E-6,14.0000000,
,,,1.0440000E-6,14.0000000,
,,,1.0460000E-6,14.0000000,
,,,1.0479999E-6,14.0000000,
,,,1.0499999E-6,14.0000000,
,,,1.0520000E-6,14.0000000,
,,,1.0540000E-6,14.0000000,
,,,1.0560000E-6,14.0000000,
,,,1.0580000E-6,13.6000004,
,,,1.0599999E-6,14.0000000,
,,,1.0619999E-6,13.6000004,
,,,1.0640000E-6,13.6000004,
,,,1.0660000E-6,13.1999998,
,,,1.0680000E-6,13.6000004,
,,,1.0699999E-6,13.6000004,
,,,1.0719999E-6,13.6000004,
,,,1.0740000E-6,14.0000000,
,,,1.0760000E-6,13.6000004,
,,,1.0780000E-6,13.6000004,
,,,1.0799999E-6,13.6000004,
,,,1.0819999E-6,13.6000004,
,,,1.0839999E-6,14.0000000,
,,,1.0860000E-6,13.6000004,
,,,1.0880000E-6,13.1999998,
,,,1.0900000E-6,13.1999998,
,,,1.0919999E-6,12.8000002,
,,,1.0939999E-6,13.6000004,
,,,1.0960000E-6,13.1999998,
,,,1.0980000E-6,13.6000004,
,,,1.1000000E-6,13.1999998,
,,,1.1019999E-6,13.1999998,
,,,1.1039999E-6,13.1999998,
,,,1.1060000E-6,13.1999998,
,,,1.1080000E-6,13.1999998,
,,,1.1100000E-6,13.1999998,
,,,1.1119999E-6,12.8000002,
,,,1.1139999E-6,13.1999998,
,,,1.1159999E-6,12.8000002,
,,,1.1180000E-6,12.8000002,
,,,1.1200000E-6,12.8000002,
,,,1.1220000E-6,12.8000002,
,,,1.1239999E-6,12.8000002,
,,,1.1259999E-6,12.8000002,
,,,1.1280000E-6,12.8000002,
,,,1.1300000E-6,12.4000006,
,,,1.1320000E-6,12.8000002,
,,,1.1339999E-6,12.8000002,
,,,1.1359999E-6,12.4000006,
,,,1.1379999E-6,12.4000006,
,,,1.1400000E-6,12.8000002,
,,,1.1420000E-6,13.1999998,
,,,1.1440000E-6,12.4000006,
,,,1.1459999E-6,12.8000002,
,,,1.1479999E-6,12.8000002,
,,,1.1500000E-6,12.4000006,
,,,1.1520000E-6,13.1999998,
,,,1.1540000E-6,12.8000002,
,,,1.1559999E-6,12.8000002,
,,,1.1579999E-6,12.8000002,
,,,1.1600000E-6,12.8000002,
,,,1.1620000E-6,12.8000002,
,,,1.1640000E-6,12.8000002,
,,,1.1659999E-6,12.8000002,
,,,1.1679999E-6,12.8000002,
,,,1.1699999E-6,12.4000006,
,,,1.1720000E-6,12.4000006,
,,,1.1740000E-6,12.4000006,
,,,1.1760000E-6,12.4000006,
,,,1.1779999E-6,12.4000006,
,,,1.1799999E-6,12.8000002,
,,,1.1820000E-6,12.4000006,
,,,1.1840000E-6,12.4000006,
,,,1.1860000E-6,12.4000006,
,,,1.1879999E-6,12.8000002,
,,,1.1899999E-6,12.4000006,
,,,1.1920000E-6,12.4000006,
,,,1.1940000E-6,12.4000006,
,,,1.1960000E-6,12.4000006,
,,,1.1979999E-6,12.0000000,
,,,1.1999999E-6,12.0000000,
,,,1.2019999E-6,12.0000000,
,,,1.2040000E-6,12.0000000,
,,,1.2060000E-6,12.0000000,
,,,1.2080000E-6,12.0000000,
,,,1.2099999E-6,12.0000000,
,,,1.2119999E-6,12.0000000,
,,,1.2140000E-6,12.0000000,
,,,1.2160000E-6,12.0000000,
,,,1.2180000E-6,12.0000000,
,,,1.2199999E-6,12.0000000,
,,,1.2219999E-6,12.0000000,
,,,1.2239999E-6,12.0000000,
,,,1.2260000E-6,11.6000004,
,,,1.2280000E-6,12.0000000,
,,,1.2300000E-6,12.0000000,
,,,1.2319999E-6,11.6000004,
,,,1.2339999E-6,12.0000000,
,,,1.2360000E-6,11.6000004,
,,,1.2380000E-6,11.6000004,
,,,1.2400000E-6,12.0000000,
,,,1.2419999E-6,11.6000004,
,,,1.2439999E-6,11.6000004,
,,,1.2460000E-6,11.6000004,
,,,1.2480000E-6,12.0000000,
,,,1.2500000E-6,11.6000004,
,,,1.2519999E-6,11.6000004,
,,,1.2539999E-6,11.1999998,
,,,1.2559999E-6,11.1999998,
,,,1.2580000E-6,11.6000004,
,,,1.2600000E-6,11.6000004,
,,,1.2620000E-6,11.6000004,
,,,1.2639999E-6,11.6000004,
,,,1.2659999E-6,11.6000004,
,,,1.2680000E-6,11.6000004,
,,,1.2700000E-6,11.6000004,
,,,1.2720000E-6,11.6000004,
,,,1.2739999E-6,11.6000004,
,,,1.2759999E-6,11.6000004,
,,,1.2779999E-6,11.6000004,
,,,1.2800000E-6,11.6000004,
,,,1.2820000E-6,11.1999998,
,,,1.2839999E-6,11.6000004,
,,,1.2859999E-6,11.1999998,
,,,1.2879999E-6,11.1999998,
,,,1.2900000E-6,11.1999998,
,,,1.2920000E-6,11.1999998,
,,,1.2940000E-6,11.1999998,
,,,1.2959999E-6,11.1999998,
,,,1.2979999E-6,11.1999998,
,,,1.3000000E-6,11.1999998,
,,,1.3020000E-6,11.1999998,
,,,1.3040000E-6,10.8000002,
,,,1.3059999E-6,10.8000002,
,,,1.3079999E-6,11.1999998,
,,,1.3099999E-6,10.8000002,
,,,1.3120000E-6,10.8000002,
,,,1.3140000E-6,10.8000002,
,,,1.3160000E-6,10.8000002,
,,,1.3179999E-6,11.1999998,
,,,1.3199999E-6,10.8000002,
,,,1.3220000E-6,11.6000004,
,,,1.3240000E-6,10.8000002,
,,,1.3260000E-6,10.8000002,
,,,1.3279999E-6,10.8000002,
,,,1.3299999E-6,11.1999998,
,,,1.3319999E-6,11.1999998,
,,,1.3340000E-6,10.8000002,
,,,1.3360000E-6,10.8000002,
,,,1.3379999E-6,10.8000002,
,,,1.3399999E-6,10.8000002,
,,,1.3419999E-6,11.1999998,
,,,1.3440000E-6,11.1999998,
,,,1.3460000E-6,10.8000002,
,,,1.3480000E-6,10.8000002,
,,,1.3499999E-6,10.8000002,
,,,1.3519999E-6,11.1999998,
,,,1.3540000E-6,10.8000002,
,,,1.3560000E-6,10.8000002,
,,,1.3580000E-6,10.8000002,
,,,1.3599999E-6,10.8000002,
,,,1.3619999E-6,10.8000002,
,,,1.3639999E-6,10.8000002,
,,,1.3660000E-6,10.4000006,
,,,1.3680000E-6,10.8000002,
,,,1.3699999E-6,10.4000006,
,,,1.3719999E-6,10.8000002,
,,,1.3739999E-6,10.4000006,
,,,1.3760000E-6,10.4000006,
,,,1.3780000E-6,10.4000006,
,,,1.3800000E-6,10.4000006,
,,,1.3819999E-6,10.8000002,
,,,1.3839999E-6,10.4000006,
,,,1.3860000E-6,10.4000006,
,,,1.3880000E-6,10.4000006,
,,,1.3900000E-6,10.8000002,
,,,1.3919999E-6,10.4000006,
,,,1.3939999E-6,10.4000006,
,,,1.3959999E-6,10.4000006,
,,,1.3980000E-6,10.4000006,
,,,1.4000000E-6,10.0000000,
,,,1.4020000E-6,10.0000000,
,,,1.4039999E-6,10.0000000,
,,,1.4059999E-6,10.4000006,
,,,1.4080000E-6,10.0000000,
,,,1.4100000E-6,10.4000006,
,,,1.4120000E-6,10.4000006,
,,,1.4139999E-6,10.0000000,
,,,1.4159999E-6,10.4000006,
,,,1.4179999E-6,10.0000000,
,,,1.4200000E-6,10.0000000,
,,,1.4220000E-6,10.4000006,
,,,1.4239999E-6,10.0000000,
,,,1.4259999E-6,10.0000000,
,,,1.4279999E-6,10.0000000,
,,,1.4300000E-6,10.0000000,
,,,1.4320000E-6,10.0000000,
,,,1.4340000E-6,9.600000381,
,,,1.4359999E-6,10.0000000,
,,,1.4379999E-6,10.4000006,
,,,1.4400000E-6,10.0000000,
,,,1.4420000E-6,10.0000000,
,,,1.4440000E-6,10.0000000,
,,,1.4459999E-6,9.600000381,
,,,1.4479999E-6,10.0000000,
,,,1.4499999E-6,9.600000381,
,,,1.4520000E-6,10.0000000,
,,,1.4540000E-6,10.0000000,
,,,1.4559999E-6,9.600000381,
,,,1.4579999E-6,9.600000381,
,,,1.4599999E-6,10.0000000,
,,,1.4620000E-6,9.600000381,
,,,1.4640000E-6,9.600000381,
,,,1.4660000E-6,9.600000381,
,,,1.4679999E-6,10.0000000,
,,,1.4699999E-6,10.0000000,
,,,1.4719999E-6,9.600000381,
,,,1.4740000E-6,9.600000381,
,,,1.4760000E-6,10.0000000,
,,,1.4779999E-6,9.600000381,
,,,1.4799999E-6,9.199999809,
,,,1.4819999E-6,9.600000381,
,,,1.4840000E-6,9.600000381,
,,,1.4860000E-6,9.600000381,
,,,1.4880000E-6,9.600000381,
,,,1.4899999E-6,9.600000381,
,,,1.4919999E-6,10.0000000,
,,,1.4940000E-6,9.199999809,
,,,1.4960000E-6,9.600000381,
,,,1.4980000E-6,9.600000381,
,,,1.4999999E-6,10.0000000,
,,,1.5019999E-6,9.600000381,
,,,1.5039999E-6,9.600000381,
,,,1.5060000E-6,9.199999809,
,,,1.5080000E-6,9.600000381,
,,,1.5099999E-6,9.600000381,
,,,1.5119999E-6,9.600000381,
,,,1.5139999E-6,9.600000381,
,,,1.5160000E-6,9.600000381,
,,,1.5180000E-6,9.199999809,
,,,1.5200000E-6,10.0000000,
,,,1.5219999E-6,9.199999809,
,,,1.5239999E-6,9.199999809,
,,,1.5259999E-6,9.600000381,
,,,1.5280000E-6,9.600000381,
,,,1.5300000E-6,9.600000381,
,,,1.5319999E-6,9.600000381,
,,,1.5339999E-6,9.199999809,
,,,1.5359999E-6,9.600000381,
,,,1.5380000E-6,9.199999809,
,,,1.5400000E-6,9.199999809,
,,,1.5419999E-6,9.199999809,
,,,1.5439999E-6,9.600000381,
,,,1.5459999E-6,9.199999809,
,,,1.5480000E-6,9.199999809,
,,,1.5500000E-6,9.199999809,
,,,1.5520000E-6,8.800000191,
,,,1.5539999E-6,8.800000191,
,,,1.5559999E-6,8.800000191,
,,,1.5579999E-6,8.800000191,
,,,1.5600000E-6,9.199999809,
,,,1.5620000E-6,8.800000191,
,,,1.5639999E-6,9.199999809,
,,,1.5659999E-6,8.800000191,
,,,1.5679999E-6,9.199999809,
,,,1.5700000E-6,9.199999809,
,,,1.5720000E-6,8.800000191,
,,,1.5740000E-6,8.800000191,
,,,1.5759999E-6,9.199999809,
,,,1.5779999E-6,9.199999809,
,,,1.5799999E-6,9.199999809,
,,,1.5820000E-6,8.800000191,
,,,1.5840000E-6,8.800000191,
,,,1.5859999E-6,8.800000191,
,,,1.5879999E-6,9.199999809,
,,,1.5899999E-6,9.199999809,
,,,1.5920000E-6,9.199999809,
,,,1.5940000E-6,8.800000191,
,,,1.5959999E-6,8.800000191,
,,,1.5979999E-6,8.800000191,
,,,1.5999999E-6,8.800000191,
,,,1.6020000E-6,8.400000572,
,,,1.6040000E-6,8.800000191,
,,,1.6060000E-6,8.800000191,
,,,1.6079999E-6,8.800000191,
,,,1.6099999E-6,9.199999809,
,,,1.6119999E-6,8.800000191,
,,,1.6140000E-6,8.800000191,
,,,1.6160000E-6,8.800000191,
,,,1.6179999E-6,8.800000191,
,,,1.6199999E-6,8.800000191,
,,,1.6219999E-6,8.400000572,
,,,1.6240000E-6,8.800000191,
,,,1.6260000E-6,8.800000191,
,,,1.6279999E-6,8.800000191,
,,,1.6299999E-6,8.800000191,
,,,1.6319999E-6,8.800000191,
,,,1.6340000E-6,8.400000572,
,,,1.6360000E-6,8.400000572,
,,,1.6380000E-6,8.400000572,
,,,1.6399999E-6,8.800000191,
,,,1.6419999E-6,8.800000191,
,,,1.6439999E-6,8.400000572,
,,,1.6460000E-6,8.400000572,
,,,1.6480000E-6,8.400000572,
,,,1.6499999E-6,8.400000572,
,,,1.6519999E-6,8.400000572,
,,,1.6539999E-6,8.400000572,
,,,1.6560000E-6,8.400000572,
,,,1.6580000E-6,8.400000572,
,,,1.6600000E-6,8.400000572,
,,,1.6619999E-6,8.400000572,
,,,1.6639999E-6,8.000000000,
,,,1.6659999E-6,8.400000572,
,,,1.6680000E-6,8.800000191,
,,,1.6700000E-6,8.400000572,
,,,1.6719999E-6,8.400000572,
,,,1.6739999E-6,8.000000000,
,,,1.6759999E-6,8.400000572,
,,,1.6780000E-6,8.400000572,
,,,1.6800000E-6,8.400000572,
,,,1.6819999E-6,8.400000572,
,,,1.6839999E-6,8.400000572,
,,,1.6859999E-6,8.800000191,
,,,1.6880000E-6,8.400000572,
,,,1.6900000E-6,8.400000572,
,,,1.6920000E-6,8.400000572,
,,,1.6939999E-6,8.400000572,
,,,1.6959999E-6,8.400000572,
,,,1.6979999E-6,8.000000000,
,,,1.7000000E-6,8.400000572,
,,,1.7020000E-6,8.800000191,
,,,1.7039999E-6,8.000000000,
,,,1.7059999E-6,8.000000000,
,,,1.7079999E-6,8.400000572,
,,,1.7100000E-6,8.400000572,
,,,1.7120000E-6,8.400000572,
,,,1.7139999E-6,8.400000572,
,,,1.7159999E-6,8.000000000,
,,,1.7179999E-6,8.400000572,
,,,1.7199999E-6,8.000000000,
,,,1.7220000E-6,8.000000000,
,,,1.7240000E-6,8.000000000,
,,,1.7259999E-6,8.000000000,
,,,1.7279999E-6,8.000000000,
,,,1.7299999E-6,8.000000000,
,,,1.7320000E-6,8.000000000,
,,,1.7340000E-6,8.000000000,
,,,1.7359999E-6,8.000000000,
,,,1.7379999E-6,8.000000000,
,,,1.7399999E-6,7.599999905,
,,,1.7420000E-6,8.000000000,
,,,1.7440000E-6,8.000000000,
,,,1.7460000E-6,8.000000000,
,,,1.7479999E-6,8.000000000,
,,,1.7499999E-6,7.599999905,
,,,1.7519999E-6,8.000000000,
,,,1.7540000E-6,7.599999905,
,,,1.7560000E-6,8.000000000,
,,,1.7579999E-6,7.599999905,
,,,1.7599999E-6,7.599999905,
,,,1.7619999E-6,7.599999905,
,,,1.7640000E-6,7.599999905,
,,,1.7660000E-6,7.599999905,
,,,1.7679999E-6,8.000000000,
,,,1.7699999E-6,8.000000000,
,,,1.7719999E-6,7.20000029,
,,,1.7739999E-6,7.599999905,
,,,1.7760000E-6,7.599999905,
,,,1.7780000E-6,7.599999905,
,,,1.7799999E-6,7.599999905,
,,,1.7819999E-6,7.599999905,
,,,1.7839999E-6,7.599999905,
,,,1.7860000E-6,7.599999905,
,,,1.7880000E-6,7.599999905,
,,,1.7899999E-6,7.599999905,
,,,1.7919999E-6,7.599999905,
,,,1.7939999E-6,7.20000029,
,,,1.7960000E-6,8.000000000,
,,,1.7980000E-6,7.599999905,
,,,1.7999999E-6,7.20000029,
,,,1.8019999E-6,7.599999905,
,,,1.8039999E-6,7.599999905,
,,,1.8059999E-6,7.599999905,
,,,1.8080000E-6,7.599999905,
,,,1.8100000E-6,7.599999905,
,,,1.8119999E-6,7.599999905,
,,,1.8139999E-6,7.20000029,
,,,1.8159999E-6,7.599999905,
,,,1.8180000E-6,7.599999905,
,,,1.8200000E-6,7.20000029,
,,,1.8219999E-6,7.20000029,
,,,1.8239999E-6,7.599999905,
,,,1.8259999E-6,7.20000029,
,,,1.8280000E-6,7.599999905,
,,,1.8300000E-6,7.20000029,
,,,1.8320000E-6,7.20000029,
,,,1.8339999E-6,7.20000029,
,,,1.8359999E-6,7.20000029,
,,,1.8379999E-6,7.599999905,
,,,1.8400000E-6,7.20000029,
,,,1.8420000E-6,7.20000029,
,,,1.8439999E-6,7.20000029,
,,,1.8459999E-6,7.20000029,
,,,1.8479999E-6,7.20000029,
,,,1.8500000E-6,7.20000029,
,,,1.8520000E-6,7.20000029,
,,,1.8539999E-6,7.20000029,
,,,1.8559999E-6,6.80000019,
,,,1.8579999E-6,7.20000029,
,,,1.8599999E-6,7.20000029,
,,,1.8620000E-6,7.20000029,
,,,1.8640000E-6,7.20000029,
,,,1.8659999E-6,7.20000029,
,,,1.8679999E-6,7.20000029,
,,,1.8699999E-6,7.20000029,
,,,1.8720000E-6,7.20000029,
,,,1.8740000E-6,7.20000029,
,,,1.8759999E-6,7.20000029,
,,,1.8779999E-6,7.20000029,
,,,1.8799999E-6,7.20000029,
,,,1.8820000E-6,7.20000029,
,,,1.8840000E-6,7.20000029,
,,,1.8859999E-6,7.20000029,
,,,1.8879999E-6,6.80000019,
,,,1.8899999E-6,6.80000019,
,,,1.8919999E-6,6.80000019,
,,,1.8940000E-6,6.80000019,
,,,1.8960000E-6,7.20000029,
,,,1.8979999E-6,6.80000019,
,,,1.8999999E-6,7.20000029,
,,,1.9019999E-6,7.20000029,
,,,1.9040000E-6,7.20000029,
,,,1.9060000E-6,7.20000029,
,,,1.9079998E-6,7.20000029,
,,,1.9100000E-6,6.80000019,
,,,1.9120000E-6,6.40000010,
,,,1.9140000E-6,6.80000019,
,,,1.9160000E-6,6.80000019,
,,,1.9180000E-6,6.80000019,
,,,1.9199999E-6,6.80000019,
,,,1.9219999E-6,6.80000019,
,,,1.9239999E-6,6.80000019,
,,,1.9259999E-6,6.80000019,
,,,1.9279998E-6,6.80000019,
,,,1.9299998E-6,6.80000019,
,,,1.9320000E-6,6.80000019,
,,,1.9340000E-6,6.80000019,
,,,1.9360000E-6,6.80000019,
,,,1.9380000E-6,6.80000019,
,,,1.9399999E-6,6.80000019,
,,,1.9419999E-6,6.80000019,
,,,1.9439999E-6,7.20000029,
,,,1.9459999E-6,6.80000019,
,,,1.9479999E-6,6.80000019,
,,,1.9499998E-6,6.40000010,
,,,1.9520000E-6,6.80000019,
,,,1.9540000E-6,6.40000010,
,,,1.9560000E-6,6.80000019,
,,,1.9580000E-6,6.80000019,
,,,1.9600000E-6,6.80000019,
,,,1.9619999E-6,6.40000010,
,,,1.9639999E-6,6.80000019,
,,,1.9659999E-6,6.80000019,
,,,1.9679999E-6,6.80000019,
,,,1.9699999E-6,6.40000010,
,,,1.9719998E-6,6.40000010,
,,,1.9740000E-6,6.40000010,
,,,1.9760000E-6,6.40000010,
,,,1.9780000E-6,6.40000010,
,,,1.9800000E-6,6.80000019,
,,,1.9820000E-6,6.80000019,
,,,1.9839999E-6,6.80000019,
,,,1.9859999E-6,6.80000019,
,,,1.9879999E-6,6.80000019,
,,,1.9899999E-6,6.40000010,
,,,1.9919999E-6,6.40000010,
,,,1.9939998E-6,6.40000010,
,,,1.9960000E-6,6.40000010,
,,,1.9980000E-6,6.40000010,
,,,2.0000000E-6,6.40000010,
,,,2.0020000E-6,6.80000019,
,,,2.0040000E-6,6.40000010,
,,,2.0059999E-6,6.40000010,
,,,2.0079999E-6,6.40000010,
,,,2.0099999E-6,6.40000010,
,,,2.0119999E-6,6.40000010,
,,,2.0139998E-6,6.00000000,
,,,2.0159998E-6,6.00000000,
,,,2.0180000E-6,6.40000010,
,,,2.0200000E-6,6.40000010,
,,,2.0220000E-6,6.00000000,
,,,2.0240000E-6,6.40000010,
,,,2.0259999E-6,6.40000010,
,,,2.0279999E-6,6.00000000,
,,,2.0299999E-6,6.00000000,
,,,2.0319999E-6,6.40000010,
,,,2.0339999E-6,6.00000000,
,,,2.0359998E-6,6.00000000,
,,,2.0379998E-6,6.40000010,
,,,2.0400000E-6,6.40000010,
,,,2.0420000E-6,6.40000010,
,,,2.0440000E-6,6.00000000,
,,,2.0460000E-6,6.40000010,
,,,2.0479999E-6,6.40000010,
,,,2.0499999E-6,6.00000000,
,,,2.0519999E-6,6.00000000,
,,,2.0539999E-6,6.00000000,
,,,2.0559999E-6,6.00000000,
,,,2.0579998E-6,6.40000010,
,,,2.0600000E-6,6.00000000,
,,,2.0620000E-6,6.00000000,
,,,2.0640000E-6,6.00000000,
,,,2.0660000E-6,6.00000000,
,,,2.0680000E-6,6.00000000,
,,,2.0699999E-6,6.00000000,
,,,2.0719999E-6,6.00000000,
,,,2.0739999E-6,6.00000000,
,,,2.0759999E-6,6.00000000,
,,,2.0779999E-6,6.00000000,
,,,2.0799998E-6,6.00000000,
,,,2.0820000E-6,6.00000000,
,,,2.0840000E-6,6.00000000,
,,,2.0860000E-6,6.00000000,
,,,2.0880000E-6,6.00000000,
,,,2.0900000E-6,5.59999990,
,,,2.0919999E-6,6.00000000,
,,,2.0939999E-6,6.00000000,
,,,2.0959999E-6,6.00000000,
,,,2.0979999E-6,6.00000000,
,,,2.0999998E-6,5.59999990,
,,,2.1019998E-6,5.59999990,
,,,2.1040000E-6,5.59999990,
,,,2.1060000E-6,6.00000000,
,,,2.1080000E-6,5.59999990,
,,,2.1100000E-6,6.00000000,
,,,2.1119999E-6,5.59999990,
,,,2.1139999E-6,6.00000000,
,,,2.1159999E-6,5.59999990,
,,,2.1179999E-6,5.59999990,
,,,2.1199999E-6,6.00000000,
,,,2.1219998E-6,5.59999990,
,,,2.1239998E-6,5.59999990,
,,,2.1260000E-6,5.59999990,
,,,2.1280000E-6,6.00000000,
,,,2.1300000E-6,5.59999990,
,,,2.1320000E-6,5.59999990,
,,,2.1339999E-6,5.59999990,
,,,2.1359999E-6,6.00000000,
,,,2.1379999E-6,5.59999990,
,,,2.1399999E-6,6.00000000,
,,,2.1419999E-6,5.59999990,
,,,2.1439998E-6,6.00000000,
,,,2.1460000E-6,6.00000000,
,,,2.1480000E-6,5.59999990,
,,,2.1500000E-6,5.20000029,
,,,2.1520000E-6,5.59999990,
,,,2.1540000E-6,5.59999990,
,,,2.1559999E-6,5.59999990,
,,,2.1579999E-6,5.59999990,
,,,2.1599999E-6,5.59999990,
,,,2.1619999E-6,5.59999990,
,,,2.1639999E-6,6.00000000,
,,,2.1659998E-6,5.59999990,
,,,2.1680000E-6,5.59999990,
,,,2.1700000E-6,5.59999990,
,,,2.1720000E-6,5.59999990,
,,,2.1740000E-6,5.59999990,
,,,2.1760000E-6,5.59999990,
,,,2.1779999E-6,5.59999990,
,,,2.1799999E-6,5.20000029,
,,,2.1819999E-6,5.59999990,
,,,2.1839999E-6,5.20000029,
,,,2.1859998E-6,5.20000029,
,,,2.1879998E-6,5.20000029,
,,,2.1900000E-6,5.59999990,
,,,2.1920000E-6,5.59999990,
,,,2.1940000E-6,5.59999990,
,,,2.1960000E-6,5.59999990,
,,,2.1979999E-6,5.20000029,
,,,2.1999999E-6,5.20000029,
,,,2.2019999E-6,5.20000029,
,,,2.2039999E-6,5.20000029,
,,,2.2059999E-6,5.20000029,
,,,2.2079998E-6,5.59999990,
,,,2.2099998E-6,5.20000029,
,,,2.2120000E-6,5.20000029,
,,,2.2140000E-6,5.20000029,
,,,2.2160000E-6,5.20000029,
,,,2.2180000E-6,5.59999990,
,,,2.2199999E-6,5.59999990,
,,,2.2219999E-6,5.59999990,
,,,2.2239999E-6,5.59999990,
,,,2.2259999E-6,5.20000029,
,,,2.2279999E-6,5.59999990,
,,,2.2299998E-6,5.20000029,
,,,2.2319998E-6,5.20000029,
,,,2.2340000E-6,5.20000029,
,,,2.2360000E-6,5.59999990,
,,,2.2380000E-6,5.20000029,
,,,2.2400000E-6,5.59999990,
,,,2.2419999E-6,5.20000029,
,,,2.2439999E-6,5.20000029,
,,,2.2459999E-6,4.80000019,
,,,2.2479999E-6,4.80000019,
,,,2.2499999E-6,4.80000019,
,,,2.2519998E-6,5.20000029,
,,,2.2540000E-6,4.80000019,
,,,2.2560000E-6,5.20000029,
,,,2.2580000E-6,5.20000029,
,,,2.2600000E-6,5.20000029,
,,,2.2620000E-6,5.20000029,
,,,2.2639999E-6,5.20000029,
,,,2.2659999E-6,5.20000029,
,,,2.2679999E-6,5.20000029,
,,,2.2699999E-6,5.20000029,
,,,2.2719998E-6,5.20000029,
,,,2.2739998E-6,5.20000029,
,,,2.2760000E-6,5.20000029,
,,,2.2780000E-6,5.20000029,
,,,2.2800000E-6,5.20000029,
,,,2.2820000E-6,5.20000029,
,,,2.2839999E-6,5.20000029,
,,,2.2859999E-6,4.80000019,
,,,2.2879999E-6,4.80000019,
,,,2.2899999E-6,4.80000019,
,,,2.2919999E-6,5.20000029,
,,,2.2939998E-6,5.20000029,
,,,2.2959998E-6,5.20000029,
,,,2.2980000E-6,4.80000019,
,,,2.3000000E-6,5.20000029,
,,,2.3020000E-6,5.20000029,
,,,2.3040000E-6,4.80000019,
,,,2.3059999E-6,4.80000019,
,,,2.3079999E-6,4.80000019,
,,,2.3099999E-6,5.20000029,
,,,2.3119999E-6,4.80000019,
,,,2.3139999E-6,4.80000019,
,,,2.3159998E-6,4.80000019,
,,,2.3179998E-6,5.20000029,
,,,2.3200000E-6,4.80000019,
,,,2.3220000E-6,5.20000029,
,,,2.3240000E-6,4.80000019,
,,,2.3260000E-6,4.80000019,
,,,2.3279999E-6,4.80000019,
,,,2.3299999E-6,4.80000019,
,,,2.3319999E-6,4.80000019,
,,,2.3339999E-6,4.80000019,
,,,2.3359999E-6,4.80000019,
,,,2.3379998E-6,4.80000019,
,,,2.3400000E-6,4.80000019,
,,,2.3420000E-6,4.80000019,
,,,2.3440000E-6,4.40000010,
,,,2.3460000E-6,4.80000019,
,,,2.3480000E-6,4.80000019,
,,,2.3499999E-6,4.80000019,
,,,2.3519999E-6,4.80000019,
,,,2.3539999E-6,4.40000010,
,,,2.3559999E-6,4.80000019,
,,,2.3579998E-6,4.80000019,
,,,2.3599998E-6,4.40000010,
,,,2.3620000E-6,4.80000019,
,,,2.3640000E-6,4.40000010,
,,,2.3660000E-6,4.80000019,
,,,2.3680000E-6,4.80000019,
,,,2.3699999E-6,4.80000019,
,,,2.3719999E-6,4.40000010,
,,,2.3739999E-6,4.80000019,
,,,2.3759999E-6,4.80000019,
,,,2.3779999E-6,4.40000010,
,,,2.3799998E-6,4.80000019,
,,,2.3819998E-6,4.40000010,
,,,2.3840000E-6,4.80000019,
,,,2.3860000E-6,4.40000010,
,,,2.3880000E-6,4.40000010,
,,,2.3900000E-6,4.40000010,
,,,2.3919999E-6,4.80000019,
,,,2.3939999E-6,4.40000010,
,,,2.3959999E-6,4.40000010,
,,,2.3979999E-6,4.40000010,
,,,2.3999999E-6,4.40000010,
,,,2.4019998E-6,4.40000010,
,,,2.4039998E-6,4.40000010,
,,,2.4060000E-6,4.40000010,
,,,2.4080000E-6,4.80000019,
,,,2.4100000E-6,4.80000019,
,,,2.4120000E-6,4.40000010,
,,,2.4139999E-6,4.40000010,
,,,2.4159999E-6,4.40000010,
,,,2.4179999E-6,4.40000010,
,,,2.4199999E-6,4.40000010,
,,,2.4219999E-6,4.40000010,
,,,2.4239998E-6,4.40000010,
,,,2.4259998E-6,4.40000010,
,,,2.4280000E-6,4.40000010,
,,,2.4300000E-6,4.00000000,
,,,2.4320000E-6,4.00000000,
,,,2.4340000E-6,4.80000019,
,,,2.4359999E-6,4.40000010,
,,,2.4379999E-6,4.00000000,
,,,2.4399999E-6,4.40000010,
,,,2.4419999E-6,4.40000010,
,,,2.4439998E-6,4.40000010,
,,,2.4459998E-6,4.00000000,
,,,2.4480000E-6,4.00000000,
,,,2.4500000E-6,4.40000010,
,,,2.4520000E-6,4.40000010,
,,,2.4540000E-6,4.40000010,
,,,2.4559999E-6,4.00000000,
,,,2.4579999E-6,4.40000010,
,,,2.4599999E-6,4.40000010,
,,,2.4619999E-6,4.40000010,
,,,2.4639999E-6,4.40000010,
,,,2.4659998E-6,4.00000000,
,,,2.4679998E-6,4.00000000,
,,,2.4700000E-6,4.00000000,
,,,2.4720000E-6,4.40000010,
,,,2.4740000E-6,4.00000000,
,,,2.4760000E-6,4.00000000,
,,,2.4779999E-6,4.00000000,
,,,2.4799999E-6,4.40000010,
,,,2.4819999E-6,4.00000000,
,,,2.4839999E-6,4.00000000,
,,,2.4859999E-6,4.00000000,
,,,2.4879998E-6,4.40000010,
,,,2.4899998E-6,4.40000010,
,,,2.4920000E-6,4.40000010,
,,,2.4940000E-6,4.00000000,
,,,2.4960000E-6,4.00000000,
,,,2.4980000E-6,4.00000000,
,,,2.4999999E-6,4.40000010,
,,,2.5019999E-6,4.00000000,
,,,2.5039999E-6,4.00000000,
,,,2.5059999E-6,4.00000000,
,,,2.5079999E-6,4.00000000,
,,,2.5099998E-6,4.00000000,
,,,2.5119998E-6,4.00000000,
,,,2.5140000E-6,4.00000000,
,,,2.5160000E-6,4.00000000,
,,,2.5180000E-6,4.00000000,
,,,2.5200000E-6,4.00000000,
,,,2.5219999E-6,4.00000000,
,,,2.5239999E-6,4.40000010,
,,,2.5259999E-6,4.00000000,
,,,2.5279999E-6,4.00000000,
,,,2.5299998E-6,4.00000000,
,,,2.5319998E-6,4.00000000,
,,,2.5340000E-6,4.00000000,
,,,2.5360000E-6,4.00000000,
,,,2.5380000E-6,4.00000000,
,,,2.5400000E-6,4.00000000,
,,,2.5419999E-6,3.60000014,
,,,2.5439999E-6,3.60000014,
,,,2.5459999E-6,4.00000000,
,,,2.5479999E-6,4.00000000,
,,,2.5499999E-6,4.00000000,
,,,2.5519998E-6,4.00000000,
,,,2.5539998E-6,4.00000000,
,,,2.5560000E-6,4.40000010,
,,,2.5580000E-6,3.60000014,
,,,2.5600000E-6,4.00000000,
,,,2.5620000E-6,4.00000000,
,,,2.5639999E-6,3.60000014,
,,,2.5659999E-6,4.00000000,
,,,2.5679999E-6,4.00000000,
,,,2.5699999E-6,3.60000014,
,,,2.5719999E-6,4.00000000,
,,,2.5739998E-6,3.60000014,
,,,2.5759998E-6,4.00000000,
,,,2.5780000E-6,4.00000000,
,,,2.5800000E-6,4.00000000,
,,,2.5820000E-6,4.00000000,
,,,2.5840000E-6,3.20000005,
,,,2.5859999E-6,3.60000014,
,,,2.5879999E-6,4.00000000,
,,,2.5899999E-6,3.60000014,
,,,2.5919999E-6,4.00000000,
,,,2.5939999E-6,3.60000014,
,,,2.5959998E-6,3.60000014,
,,,2.5979998E-6,3.60000014,
,,,2.6000000E-6,3.60000014,
,,,2.6020000E-6,3.60000014,
,,,2.6040000E-6,3.60000014,
,,,2.6060000E-6,3.60000014,
,,,2.6079999E-6,3.60000014,
,,,2.6099999E-6,4.00000000,
,,,2.6119999E-6,4.00000000,
,,,2.6139999E-6,3.60000014,
,,,2.6159998E-6,3.60000014,
,,,2.6179998E-6,3.60000014,
,,,2.6199998E-6,3.60000014,
,,,2.6220000E-6,3.60000014,
,,,2.6240000E-6,3.60000014,
,,,2.6260000E-6,3.60000014,
,,,2.6279999E-6,3.60000014,
,,,2.6299999E-6,3.20000005,
,,,2.6319999E-6,3.60000014,
,,,2.6339999E-6,3.60000014,
,,,2.6359999E-6,3.20000005,
,,,2.6379998E-6,3.60000014,
,,,2.6399998E-6,3.20000005,
,,,2.6420000E-6,3.60000014,
,,,2.6440000E-6,3.20000005,
,,,2.6460000E-6,3.20000005,
,,,2.6480000E-6,3.20000005,
,,,2.6499999E-6,3.60000014,
,,,2.6519999E-6,3.20000005,
,,,2.6539999E-6,3.60000014,
,,,2.6559999E-6,3.60000014,
,,,2.6579999E-6,3.60000014,
,,,2.6599998E-6,3.20000005,
,,,2.6619998E-6,3.20000005,
,,,2.6640000E-6,3.60000014,
,,,2.6660000E-6,3.20000005,
,,,2.6680000E-6,3.60000014,
,,,2.6700000E-6,3.60000014,
,,,2.6719999E-6,3.20000005,
,,,2.6739999E-6,3.60000014,
,,,2.6759999E-6,3.20000005,
,,,2.6779999E-6,3.20000005,
,,,2.6799999E-6,3.60000014,
,,,2.6819998E-6,3.60000014,
,,,2.6839998E-6,3.20000005,
,,,2.6860000E-6,3.20000005,
,,,2.6880000E-6,3.20000005,
,,,2.6900000E-6,3.60000014,
,,,2.6920000E-6,3.20000005,
,,,2.6939999E-6,3.20000005,
,,,2.6959999E-6,3.60000014,
,,,2.6979999E-6,3.20000005,
,,,2.6999999E-6,3.20000005,
,,,2.7019998E-6,3.20000005,
,,,2.7039998E-6,3.20000005,
,,,2.7059998E-6,3.60000014,
,,,2.7080000E-6,3.20000005,
,,,2.7100000E-6,3.20000005,
,,,2.7120000E-6,3.20000005,
,,,2.7139999E-6,3.20000005,
,,,2.7159999E-6,3.20000005,
,,,2.7179999E-6,3.20000005,
,,,2.71999988E-6,2.79999995,
,,,2.72199986E-6,3.20000005,
,,,2.72399984E-6,3.20000005,
,,,2.72599982E-6,3.20000005,
,,,2.72800003E-6,3.20000005,
,,,2.73000001E-6,3.20000005,
,,,2.73199998E-6,2.79999995,
,,,2.73399996E-6,3.20000005,
,,,2.73599994E-6,3.20000005,
,,,2.73799992E-6,3.20000005,
,,,2.73999990E-6,2.79999995,
,,,2.74199988E-6,3.20000005,
,,,2.74399986E-6,2.79999995,
,,,2.74599984E-6,3.20000005,
,,,2.74799982E-6,2.79999995,
,,,2.75000002E-6,3.20000005,
,,,2.75200000E-6,3.60000014,
,,,2.75399998E-6,3.20000005,
,,,2.75599996E-6,3.20000005,
,,,2.75799994E-6,3.20000005,
,,,2.75999992E-6,3.20000005,
,,,2.76199989E-6,3.20000005,
,,,2.76399987E-6,3.20000005,
,,,2.76599985E-6,3.20000005,
,,,2.76799983E-6,3.20000005,
,,,2.76999981E-6,3.20000005,
,,,2.77200002E-6,3.20000005,
,,,2.77400000E-6,3.20000005,
,,,2.77599997E-6,3.20000005,
,,,2.77799995E-6,3.20000005,
,,,2.77999993E-6,3.60000014,
,,,2.78199991E-6,3.20000005,
,,,2.78399989E-6,2.79999995,
,,,2.78599987E-6,3.20000005,
,,,2.78799985E-6,3.20000005,
,,,2.78999983E-6,2.79999995,
,,,2.79199980E-6,2.79999995,
,,,2.79400001E-6,2.79999995,
,,,2.79599999E-6,2.79999995,
,,,2.79799997E-6,3.20000005,
,,,2.79999995E-6,2.79999995,
,,,2.80199993E-6,3.20000005,
,,,2.80399991E-6,2.79999995,
,,,2.80599988E-6,2.79999995,
,,,2.80799986E-6,2.79999995,
,,,2.80999984E-6,2.79999995,
,,,2.81199982E-6,2.79999995,
,,,2.81399980E-6,2.79999995,
,,,2.81600001E-6,2.79999995,
,,,2.81799998E-6,2.79999995,
,,,2.81999996E-6,2.79999995,
,,,2.82199994E-6,3.20000005,
,,,2.82399992E-6,2.79999995,
,,,2.82599990E-6,2.79999995,
,,,2.82799988E-6,2.79999995,
,,,2.82999986E-6,2.79999995,
,,,2.83199984E-6,2.79999995,
,,,2.83399982E-6,2.4000001,
,,,2.83600002E-6,2.79999995,
,,,2.83800000E-6,2.79999995,
,,,2.83999998E-6,2.79999995,
,,,2.84199996E-6,2.79999995,
,,,2.84399994E-6,2.79999995,
,,,2.84599992E-6,2.79999995,
,,,2.84799989E-6,2.79999995,
,,,2.84999987E-6,2.4000001,
,,,2.85199985E-6,2.79999995,
,,,2.85399983E-6,3.20000005,
,,,2.85599981E-6,2.79999995,
,,,2.85800002E-6,2.79999995,
,,,2.86000000E-6,2.79999995,
,,,2.86199997E-6,2.79999995,
,,,2.86399995E-6,2.4000001,
,,,2.86599993E-6,2.4000001,
,,,2.86799991E-6,2.79999995,
,,,2.86999989E-6,2.79999995,
,,,2.87199987E-6,2.4000001,
,,,2.87399985E-6,2.79999995,
,,,2.87599983E-6,2.4000001,
,,,2.87799980E-6,2.79999995,
,,,2.88000001E-6,2.79999995,
,,,2.88199999E-6,2.79999995,
,,,2.88399997E-6,2.4000001,
,,,2.88599995E-6,2.79999995,
,,,2.88799993E-6,2.4000001,
,,,2.88999991E-6,2.79999995,
,,,2.89199988E-6,2.79999995,
,,,2.89399986E-6,2.4000001,
,,,2.89599984E-6,2.79999995,
,,,2.89799982E-6,2.4000001,
,,,2.89999980E-6,2.79999995,
,,,2.90200001E-6,2.79999995,
,,,2.90399998E-6,2.4000001,
,,,2.90599996E-6,2.79999995,
,,,2.90799994E-6,2.79999995,
,,,2.90999992E-6,2.4000001,
,,,2.91199990E-6,2.79999995,
,,,2.91399988E-6,2.79999995,
,,,2.91599986E-6,2.79999995,
,,,2.91799984E-6,2.4000001,
,,,2.91999982E-6,2.79999995,
,,,2.92200002E-6,2.4000001,
,,,2.92400000E-6,2.79999995,
,,,2.92599998E-6,2.4000001,
,,,2.92799996E-6,2.79999995,
,,,2.92999994E-6,2.4000001,
,,,2.93199992E-6,2.4000001,
,,,2.93399989E-6,2.4000001,
,,,2.93599987E-6,2.4000001,
,,,2.93799985E-6,2.79999995,
,,,2.93999983E-6,2.4000001,
,,,2.94199981E-6,2.79999995,
,,,2.94400002E-6,2.4000001,
,,,2.94600000E-6,2.4000001,
,,,2.94799997E-6,2.79999995,
,,,2.94999995E-6,2.4000001,
,,,2.95199993E-6,2.4000001,
,,,2.95399991E-6,2.79999995,
,,,2.95599989E-6,2.4000001,
,,,2.95799987E-6,2.4000001,
,,,2.95999985E-6,2.4000001,
,,,2.96199983E-6,2.4000001,
,,,2.96399980E-6,2.79999995,
,,,2.96600001E-6,2.4000001,
,,,2.96799999E-6,2.4000001,
,,,2.96999997E-6,2.0000000,
,,,2.97199995E-6,2.4000001,
,,,2.97399993E-6,2.4000001,
,,,2.97599991E-6,2.4000001,
,,,2.97799988E-6,2.4000001,
,,,2.97999986E-6,2.4000001,
,,,2.98199984E-6,2.4000001,
,,,2.98399982E-6,2.4000001,
,,,2.98599980E-6,2.4000001,
,,,2.98800001E-6,2.0000000,
,,,2.98999998E-6,2.0000000,
,,,2.99199996E-6,2.4000001,
,,,2.99399994E-6,2.79999995,
,,,2.99599992E-6,2.0000000,
,,,2.99799990E-6,2.4000001,
,,,2.99999988E-6,2.4000001,
,,,3.00199986E-6,2.4000001,
,,,3.00399984E-6,2.4000001,
,,,3.00599982E-6,2.4000001,
,,,3.00799979E-6,2.0000000,
,,,3.01000000E-6,2.4000001,
,,,3.01199998E-6,2.0000000,
,,,3.01399996E-6,2.0000000,
,,,3.01599994E-6,2.4000001,
,,,3.01799992E-6,2.0000000,
,,,3.01999989E-6,2.0000000,
,,,3.02199987E-6,2.0000000,
,,,3.02399985E-6,2.0000000,
,,,3.02599983E-6,2.4000001,
,,,3.02799981E-6,2.4000001,
,,,3.03000002E-6,2.0000000,
,,,3.03200000E-6,2.0000000,
,,,3.03399997E-6,2.0000000,
,,,3.03599995E-6,2.0000000,
,,,3.03799993E-6,2.0000000,
,,,3.03999991E-6,2.4000001,
,,,3.04199989E-6,2.4000001,
,,,3.04399987E-6,2.0000000,
,,,3.04599985E-6,2.0000000,
,,,3.04799983E-6,2.4000001,
,,,3.04999980E-6,2.0000000,
,,,3.05200001E-6,2.4000001,
,,,3.05399999E-6,2.0000000,
,,,3.05599997E-6,2.4000001,
,,,3.05799995E-6,2.0000000,
,,,3.05999993E-6,2.0000000,
,,,3.06199991E-6,2.0000000,
,,,3.06399988E-6,2.0000000,
,,,3.06599986E-6,2.0000000,
,,,3.06799984E-6,2.0000000,
,,,3.06999982E-6,2.0000000,
,,,3.07199980E-6,2.0000000,
,,,3.07400001E-6,2.0000000,
,,,3.07599998E-6,2.0000000,
,,,3.07799996E-6,2.0000000,
,,,3.07999994E-6,1.6000000,
,,,3.08199992E-6,2.0000000,
,,,3.08399990E-6,2.0000000,
,,,3.08599988E-6,2.0000000,
,,,3.08799986E-6,2.0000000,
,,,3.08999984E-6,2.0000000,
,,,3.09199982E-6,2.0000000,
,,,3.09399979E-6,2.0000000,
,,,3.09600000E-6,2.0000000,
,,,3.09799998E-6,2.0000000,
,,,3.09999996E-6,2.0000000,
,,,3.10199994E-6,2.4000001,
,,,3.10399992E-6,2.0000000,
,,,3.10599989E-6,2.0000000,
,,,3.10799987E-6,2.0000000,
,,,3.10999985E-6,2.0000000,
,,,3.11199983E-6,2.4000001,
,,,3.11399981E-6,2.0000000,
,,,3.11599979E-6,2.0000000,
,,,3.11800000E-6,2.0000000,
,,,3.11999997E-6,2.0000000,
,,,3.12199995E-6,1.6000000,
,,,3.12399993E-6,2.0000000,
,,,3.12599991E-6,2.0000000,
,,,3.12799989E-6,1.6000000,
,,,3.12999987E-6,2.0000000,
,,,3.13199985E-6,2.0000000,
,,,3.13399983E-6,2.0000000,
,,,3.13599980E-6,1.6000000,
,,,3.13800001E-6,1.6000000,
,,,3.13999999E-6,2.0000000,
,,,3.14199997E-6,1.6000000,
,,,3.14399995E-6,2.0000000,
,,,3.14599993E-6,2.0000000,
,,,3.14799991E-6,1.6000000,
,,,3.14999988E-6,2.0000000,
,,,3.15199986E-6,1.6000000,
,,,3.15399984E-6,2.0000000,
,,,3.15599982E-6,2.0000000,
,,,3.15799980E-6,2.0000000,
,,,3.16000001E-6,1.6000000,
,,,3.16199998E-6,2.0000000,
,,,3.16399996E-6,1.6000000,
,,,3.16599994E-6,1.6000000,
,,,3.16799992E-6,1.6000000,
,,,3.16999990E-6,1.6000000,
,,,3.17199988E-6,1.6000000,
,,,3.17399986E-6,2.0000000,
,,,3.17599984E-6,2.0000000,
,,,3.17799982E-6,1.6000000,
,,,3.17999979E-6,2.0000000,
,,,3.18200000E-6,1.6000000,
,,,3.18399998E-6,1.6000000,
,,,3.18599996E-6,1.6000000,
,,,3.18799994E-6,1.6000000,
,,,3.18999992E-6,2.0000000,
,,,3.19199989E-6,2.0000000,
,,,3.19399987E-6,1.6000000,
,,,3.19599985E-6,1.6000000,
,,,3.19799983E-6,2.0000000,
,,,3.19999981E-6,2.0000000,
,,,3.20199979E-6,1.6000000,
,,,3.20400000E-6,1.6000000,
,,,3.20599997E-6,2.0000000,
,,,3.20799995E-6,1.6000000,
,,,3.20999993E-6,1.6000000,
,,,3.21199991E-6,2.0000000,
,,,3.21399989E-6,1.6000000,
,,,3.21599987E-6,1.6000000,
,,,3.21799985E-6,1.6000000,
,,,3.21999983E-6,1.6000000,
,,,3.22199980E-6,1.6000000,
,,,3.22400001E-6,2.0000000,
,,,3.22599999E-6,1.6000000,
,,,3.22799997E-6,1.6000000,
,,,3.22999995E-6,1.6000000,
,,,3.23199993E-6,1.6000000,
,,,3.23399991E-6,1.6000000,
,,,3.23599988E-6,1.6000000,
,,,3.23799986E-6,1.6000000,
,,,3.23999984E-6,1.6000000,
,,,3.24199982E-6,2.0000000,
,,,3.24399980E-6,1.6000000,
,,,3.24600001E-6,1.6000000,
,,,3.24799998E-6,1.6000000,
,,,3.24999996E-6,1.2000000,
,,,3.25199994E-6,1.6000000,
,,,3.25399992E-6,1.6000000,
,,,3.25599990E-6,1.6000000,
,,,3.25799988E-6,1.2000000,
,,,3.25999986E-6,1.6000000,
,,,3.26199984E-6,1.2000000,
,,,3.26399982E-6,1.6000000,
,,,3.26599979E-6,1.6000000,
,,,3.26800000E-6,1.6000000,
,,,3.26999998E-6,1.6000000,
,,,3.27199996E-6,1.2000000,
,,,3.27399994E-6,1.6000000,
,,,3.27599992E-6,1.6000000,
,,,3.27799989E-6,1.2000000,
,,,3.27999987E-6,1.2000000,
,,,3.28199985E-6,1.2000000,
,,,3.28399983E-6,1.6000000,
,,,3.28599981E-6,1.6000000,
,,,3.28799979E-6,1.6000000,
,,,3.29000000E-6,1.2000000,
,,,3.29199997E-6,1.6000000,
,,,3.29399995E-6,1.6000000,
,,,3.29599993E-6,1.2000000,
,,,3.29799991E-6,1.2000000,
,,,3.29999989E-6,1.6000000,
,,,3.30199987E-6,1.6000000,
,,,3.30399985E-6,1.6000000,
,,,3.30599983E-6,1.6000000,
,,,3.30799980E-6,1.2000000,
,,,3.30999978E-6,1.2000000,
,,,3.31199999E-6,1.6000000,
,,,3.31399997E-6,1.2000000,
,,,3.31599995E-6,1.2000000,
,,,3.31799993E-6,1.2000000,
,,,3.31999991E-6,1.6000000,
,,,3.32199988E-6,1.2000000,
,,,3.32399986E-6,1.2000000,
,,,3.32599984E-6,1.2000000,
,,,3.32799982E-6,1.2000000,
,,,3.32999980E-6,1.2000000,
,,,3.33200001E-6,1.2000000,
,,,3.33399998E-6,1.2000000,
,,,3.33599996E-6,1.2000000,
,,,3.33799994E-6,1.2000000,
,,,3.33999992E-6,1.2000000,
,,,3.34199990E-6,1.2000000,
,,,3.34399988E-6,1.2000000,
,,,3.34599986E-6,1.6000000,
,,,3.34799984E-6,1.2000000,
,,,3.34999982E-6,1.2000000,
,,,3.35199979E-6,1.2000000,
,,,3.35400000E-6,1.2000000,
,,,3.35599998E-6,800.000011921E-3,
,,,3.35799996E-6,1.2000000,
,,,3.35999994E-6,1.2000000,
,,,3.36199992E-6,1.2000000,
,,,3.36399989E-6,1.6000000,
,,,3.36599987E-6,1.2000000,
,,,3.36799985E-6,1.2000000,
,,,3.36999983E-6,1.2000000,
,,,3.37199981E-6,1.6000000,
,,,3.37399979E-6,1.2000000,
,,,3.37600000E-6,1.2000000,
,,,3.37799997E-6,1.2000000,
,,,3.37999995E-6,1.6000000,
,,,3.38199993E-6,800.000011921E-3,
,,,3.38399991E-6,1.2000000,
,,,3.38599989E-6,1.2000000,
,,,3.38799987E-6,1.2000000,
,,,3.38999985E-6,1.2000000,
,,,3.39199983E-6,800.000011921E-3,
,,,3.39399980E-6,1.2000000,
,,,3.39599978E-6,1.2000000,
,,,3.39799999E-6,1.2000000,
,,,3.39999997E-6,1.2000000,
,,,3.40199995E-6,1.2000000,
,,,3.40399993E-6,1.2000000,
,,,3.40599991E-6,1.2000000,
,,,3.40799988E-6,1.2000000,
,,,3.40999986E-6,1.2000000,
,,,3.41199984E-6,1.2000000,
,,,3.41399982E-6,1.2000000,
,,,3.41599980E-6,800.000011921E-3,
,,,3.41800001E-6,1.2000000,
,,,3.41999998E-6,800.000011921E-3,
,,,3.42199996E-6,800.000011921E-3,
,,,3.42399994E-6,800.000011921E-3,
,,,3.42599992E-6,1.2000000,
,,,3.42799990E-6,800.000011921E-3,
,,,3.42999988E-6,800.000011921E-3,
,,,3.43199986E-6,800.000011921E-3,
,,,3.43399984E-6,800.000011921E-3,
,,,3.43599982E-6,800.000011921E-3,
,,,3.43799979E-6,800.000011921E-3,
,,,3.44000000E-6,1.2000000,
,,,3.44199998E-6,1.2000000,
,,,3.44399996E-6,800.000011921E-3,
,,,3.44599994E-6,1.2000000,
,,,3.44799992E-6,800.000011921E-3,
,,,3.44999989E-6,800.000011921E-3,
,,,3.45199987E-6,800.000011921E-3,
,,,3.45399985E-6,800.000011921E-3,
,,,3.45599983E-6,1.2000000,
,,,3.45799981E-6,800.000011921E-3,
,,,3.45999979E-6,800.000011921E-3,
,,,3.46200000E-6,1.2000000,
,,,3.46399997E-6,800.000011921E-3,
,,,3.46599995E-6,800.000011921E-3,
,,,3.46799993E-6,1.2000000,
,,,3.46999991E-6,800.000011921E-3,
,,,3.47199989E-6,1.2000000,
,,,3.47399987E-6,1.2000000,
,,,3.47599985E-6,800.000011921E-3,
,,,3.47799983E-6,800.000011921E-3,
,,,3.47999980E-6,800.000011921E-3,
,,,3.48199978E-6,800.000011921E-3,
,,,3.48399999E-6,800.000011921E-3,
,,,3.48599997E-6,800.000011921E-3,
,,,3.48799995E-6,800.000011921E-3,
,,,3.48999993E-6,400.00000596E-3,
,,,3.49199991E-6,800.000011921E-3,
,,,3.49399988E-6,800.000011921E-3,
,,,3.49599986E-6,800.000011921E-3,
,,,3.49799984E-6,800.000011921E-3,
,,,3.49999982E-6,800.000011921E-3,
,,,3.50199980E-6,800.000011921E-3,
,,,3.50399978E-6,800.000011921E-3,
,,,3.50599998E-6,400.00000596E-3,
,,,3.50799996E-6,800.000011921E-3,
,,,3.50999994E-6,800.000011921E-3,
,,,3.51199992E-6,800.000011921E-3,
,,,3.51399990E-6,800.000011921E-3,
,,,3.51599988E-6,800.000011921E-3,
,,,3.51799986E-6,800.000011921E-3,
,,,3.51999984E-6,800.000011921E-3,
,,,3.52199982E-6,800.000011921E-3,
,,,3.52399979E-6,800.000011921E-3,
,,,3.52600000E-6,800.000011921E-3,
,,,3.52799998E-6,800.000011921E-3,
,,,3.52999996E-6,800.000011921E-3,
,,,3.53199994E-6,800.000011921E-3,
,,,3.53399992E-6,800.000011921E-3,
,,,3.53599989E-6,800.000011921E-3,
,,,3.53799987E-6,800.000011921E-3,
,,,3.53999985E-6,800.000011921E-3,
,,,3.54199983E-6,800.000011921E-3,
,,,3.54399981E-6,800.000011921E-3,
,,,3.54599979E-6,800.000011921E-3,
,,,3.54800000E-6,800.000011921E-3,
,,,3.54999997E-6,800.000011921E-3,
,,,3.55199995E-6,800.000011921E-3,
,,,3.55399993E-6,400.00000596E-3,
,,,3.55599991E-6,800.000011921E-3,
,,,3.55799989E-6,1.2000000,
,,,3.55999987E-6,400.00000596E-3,
,,,3.56199985E-6,800.000011921E-3,
,,,3.56399983E-6,800.000011921E-3,
,,,3.56599980E-6,800.000011921E-3,
,,,3.56799978E-6,800.000011921E-3,
,,,3.56999999E-6,800.000011921E-3,
,,,3.57199997E-6,800.000011921E-3,
,,,3.57399995E-6,400.00000596E-3,
,,,3.57599993E-6,800.000011921E-3,
,,,3.57799991E-6,800.000011921E-3,
,,,3.57999988E-6,400.00000596E-3,
,,,3.58199986E-6,400.00000596E-3,
,,,3.58399984E-6,800.000011921E-3,
,,,3.58599982E-6,800.000011921E-3,
,,,3.58799980E-6,400.00000596E-3,
,,,3.58999978E-6,400.00000596E-3,
,,,3.59199998E-6,400.00000596E-3,
,,,3.59399996E-6,800.000011921E-3,
,,,3.59599994E-6,400.00000596E-3,
,,,3.59799992E-6,800.000011921E-3,
,,,3.59999990E-6,400.00000596E-3,
,,,3.60199988E-6,400.00000596E-3,
,,,3.60399986E-6,400.00000596E-3,
,,,3.60599984E-6,400.00000596E-3,
,,,3.60799982E-6,400.00000596E-3,
,,,3.60999979E-6,400.00000596E-3,
,,,3.61200000E-6,400.00000596E-3,
,,,3.61399998E-6,400.00000596E-3,
,,,3.61599996E-6,400.00000596E-3,
,,,3.61799994E-6,400.00000596E-3,
,,,3.61999992E-6,400.00000596E-3,
,,,3.62199989E-6,800.000011921E-3,
,,,3.62399987E-6,400.00000596E-3,
,,,3.62599985E-6,800.000011921E-3,
,,,3.62799983E-6,400.00000596E-3,
,,,3.62999981E-6,400.00000596E-3,
,,,3.63199979E-6,400.00000596E-3,
,,,3.63400000E-6,0.0,
,,,3.63599997E-6,400.00000596E-3,
,,,3.63799995E-6,400.00000596E-3,
,,,3.63999993E-6,400.00000596E-3,
,,,3.64199991E-6,400.00000596E-3,
,,,3.64399989E-6,400.00000596E-3,
,,,3.64599987E-6,400.00000596E-3,
,,,3.64799985E-6,400.00000596E-3,
,,,3.64999983E-6,400.00000596E-3,
,,,3.65199980E-6,400.00000596E-3,
,,,3.65399978E-6,400.00000596E-3,
,,,3.65599999E-6,400.00000596E-3,
,,,3.65799997E-6,400.00000596E-3,
,,,3.65999995E-6,400.00000596E-3,
,,,3.66199993E-6,400.00000596E-3,
,,,3.66399991E-6,400.00000596E-3,
,,,3.66599988E-6,400.00000596E-3,
,,,3.66799986E-6,400.00000596E-3,
,,,3.66999984E-6,400.00000596E-3,
,,,3.67199982E-6,400.00000596E-3,
,,,3.67399980E-6,400.00000596E-3,
,,,3.67599978E-6,400.00000596E-3,
,,,3.67799998E-6,400.00000596E-3,
,,,3.67999996E-6,400.00000596E-3,
,,,3.68199994E-6,0.0,
,,,3.68399992E-6,400.00000596E-3,
,,,3.68599990E-6,0.0,
,,,3.68799988E-6,400.00000596E-3,
,,,3.68999986E-6,400.00000596E-3,
,,,3.69199984E-6,400.00000596E-3,
,,,3.69399982E-6,400.00000596E-3,
,,,3.69599979E-6,0.0,
,,,3.69799977E-6,400.00000596E-3,
,,,3.69999998E-6,400.00000596E-3,
,,,3.70199996E-6,400.00000596E-3,
,,,3.70399994E-6,0.0,
,,,3.70599992E-6,400.00000596E-3,
,,,3.70799989E-6,400.00000596E-3,
,,,3.70999987E-6,400.00000596E-3,
,,,3.71199985E-6,0.0,
,,,3.71399983E-6,400.00000596E-3,
,,,3.71599981E-6,400.00000596E-3,
,,,3.71799979E-6,0.0,
,,,3.72000000E-6,400.00000596E-3,
,,,3.72199997E-6,400.00000596E-3,
,,,3.72399995E-6,0.0,
,,,3.72599993E-6,0.0,
,,,3.72799991E-6,0.0,
,,,3.72999989E-6,400.00000596E-3,
,,,3.73199987E-6,0.0,
,,,3.73399985E-6,0.0,
,,,3.73599983E-6,400.00000596E-3,
,,,3.73799980E-6,400.00000596E-3,
,,,3.73999978E-6,0.0,
,,,3.74199999E-6,0.0,
,,,3.74399997E-6,0.0,
,,,3.74599995E-6,400.00000596E-3,
,,,3.74799993E-6,400.00000596E-3,
,,,3.74999991E-6,400.00000596E-3,
,,,3.75199988E-6,0.0,
,,,3.75399986E-6,0.0,
,,,3.75599984E-6,400.00000596E-3,
,,,3.75799982E-6,0.0,
,,,3.75999980E-6,0.0,
,,,3.76199978E-6,0.0,
,,,3.76399998E-6,0.0,
,,,3.76599996E-6,400.00000596E-3,
,,,3.76799994E-6,400.00000596E-3,
,,,3.76999992E-6,0.0,
,,,3.77199990E-6,0.0,
,,,3.77399988E-6,0.0,
,,,3.77599986E-6,400.00000596E-3,
,,,3.77799984E-6,400.00000596E-3,
,,,3.77999982E-6,400.00000596E-3,
,,,3.78199979E-6,0.0,
,,,3.78399977E-6,400.00000596E-3,
,,,3.78599998E-6,400.00000596E-3,
,,,3.78799996E-6,0.0,
,,,3.78999994E-6,-400.00000596E-3,
,,,3.79199992E-6,0.0,
,,,3.79399989E-6,0.0,
,,,3.79599987E-6,0.0,
,,,3.79799985E-6,400.00000596E-3,
,,,3.79999983E-6,0.0,
,,,3.80199981E-6,0.0,
,,,3.80399979E-6,0.0,
,,,3.80600000E-6,0.0,
,,,3.80799997E-6,0.0,
,,,3.80999995E-6,0.0,
,,,3.81199993E-6,0.0,
,,,3.81399991E-6,0.0,
,,,3.81599966E-6,0.0,
,,,3.81800010E-6,0.0,
,,,3.82000007E-6,0.0,
,,,3.82200005E-6,0.0,
,,,3.82400003E-6,0.0,
,,,3.82600001E-6,0.0,
,,,3.82799999E-6,0.0,
,,,3.82999997E-6,0.0,
,,,3.83199995E-6,0.0,
,,,3.83399993E-6,0.0,
,,,3.83599991E-6,0.0,
,,,3.83799988E-6,-400.00000596E-3,
,,,3.83999986E-6,0.0,
,,,3.84199984E-6,0.0,
,,,3.84399982E-6,-400.00000596E-3,
,,,3.84599980E-6,0.0,
,,,3.84799978E-6,0.0,
,,,3.84999976E-6,0.0,
,,,3.85199974E-6,0.0,
,,,3.85399971E-6,0.0,
,,,3.85599969E-6,0.0,
,,,3.85799967E-6,-400.00000596E-3,
,,,3.86000011E-6,-400.00000596E-3,
,,,3.86200009E-6,0.0,
,,,3.86400006E-6,-400.00000596E-3,
,,,3.86600004E-6,0.0,
,,,3.86800002E-6,0.0,
,,,3.87000000E-6,0.0,
,,,3.87199998E-6,0.0,
,,,3.87399996E-6,0.0,
,,,3.87599994E-6,0.0,
,,,3.87799992E-6,-400.00000596E-3,
,,,3.87999989E-6,0.0,
,,,3.88199987E-6,-400.00000596E-3,
,,,3.88399985E-6,0.0,
,,,3.88599983E-6,0.0,
,,,3.88799981E-6,0.0,
,,,3.88999979E-6,0.0,
,,,3.89199977E-6,0.0,
,,,3.89399975E-6,0.0,
,,,3.89599973E-6,-400.00000596E-3,
,,,3.89799970E-6,-400.00000596E-3,
,,,3.89999968E-6,0.0,
,,,3.90199966E-6,-400.00000596E-3,
,,,3.90400010E-6,-400.00000596E-3,
,,,3.90600007E-6,0.0,
,,,3.90800005E-6,-400.00000596E-3,
,,,3.91000003E-6,0.0,
,,,3.91200001E-6,-400.00000596E-3,
,,,3.91399999E-6,0.0,
,,,3.91599997E-6,-400.00000596E-3,
,,,3.91799995E-6,-400.00000596E-3,
,,,3.91999993E-6,-800.000011921E-3,
,,,3.92199991E-6,0.0,
,,,3.92399988E-6,0.0,
,,,3.92599986E-6,-400.00000596E-3,
,,,3.92799984E-6,-400.00000596E-3,
,,,3.92999982E-6,-400.00000596E-3,
,,,3.93199980E-6,-400.00000596E-3,
,,,3.93399978E-6,0.0,
,,,3.93599976E-6,0.0,
,,,3.93799974E-6,-400.00000596E-3,
,,,3.93999971E-6,-400.00000596E-3,
,,,3.94199969E-6,0.0,
,,,3.94399967E-6,-400.00000596E-3,
,,,3.94600011E-6,-400.00000596E-3,
,,,3.94800009E-6,-400.00000596E-3,
,,,3.95000006E-6,-400.00000596E-3,
,,,3.95200004E-6,-400.00000596E-3,
,,,3.95400002E-6,-400.00000596E-3,
,,,3.95600000E-6,-400.00000596E-3,
,,,3.95799998E-6,-400.00000596E-3,
,,,3.95999996E-6,-400.00000596E-3,
,,,3.96199994E-6,-400.00000596E-3,
,,,3.96399992E-6,0.0,
,,,3.96599989E-6,-400.00000596E-3,
,,,3.96799987E-6,0.0,
,,,3.96999985E-6,-400.00000596E-3,
,,,3.97199983E-6,-400.00000596E-3,
,,,3.97399981E-6,-400.00000596E-3,
,,,3.97599979E-6,-400.00000596E-3,
,,,3.97799977E-6,-400.00000596E-3,
,,,3.97999975E-6,-400.00000596E-3,
,,,3.98199973E-6,-400.00000596E-3,
,,,3.98399970E-6,-800.000011921E-3,
,,,3.98599968E-6,-800.000011921E-3,
,,,3.98799966E-6,-400.00000596E-3,
,,,3.99000010E-6,-400.00000596E-3,
,,,3.99200007E-6,-400.00000596E-3,
,,,3.99400005E-6,-400.00000596E-3,
,,,3.99600003E-6,-400.00000596E-3,
,,,3.99800001E-6,0.0,
,,,3.99999999E-6,0.0,
,,,4.00199997E-6,-400.00000596E-3,
,,,4.00399995E-6,-400.00000596E-3,
,,,4.00599993E-6,-400.00000596E-3,
,,,4.00799991E-6,-800.000011921E-3,
,,,4.00999988E-6,-400.00000596E-3,
,,,4.01199986E-6,-400.00000596E-3,
,,,4.01399984E-6,-800.000011921E-3,
,,,4.01599982E-6,-400.00000596E-3,
,,,4.01799980E-6,-400.00000596E-3,
